time,200 response,500 response,rabbitms_interval,rabbitms_timeout,rabbitms_retries,cb_failureThreshold,cb_retryTimeout,num_users,num_requests_per_user
2,874,0,5,5,1,3,5,400,50
4,460,0,5,5,1,3,5,400,50
6,433,0,5,5,1,3,5,400,50
8,496,0,5,5,1,3,5,400,50
10,404,115,5,5,1,3,5,400,50
12,13,4,5,5,1,3,5,400,50
14,197,3,5,5,1,3,5,400,50
16,523,20,5,5,1,3,5,400,50
18,539,14,5,5,1,3,5,400,50
20,455,0,5,5,1,3,5,400,50
22,366,0,5,5,1,3,5,400,50
24,348,157,5,5,1,3,5,400,50
26,556,11,5,5,1,3,5,400,50
28,506,19,5,5,1,3,5,400,50
30,359,43,5,5,1,3,5,400,50
32,0,0,5,5,1,3,5,400,50
34,0,0,5,5,1,3,5,400,50
36,0,0,5,5,1,3,5,400,50
38,0,0,5,5,1,3,5,400,50
40,0,0,5,5,1,3,5,400,50
42,0,0,5,5,1,3,5,400,50
44,0,0,5,5,1,3,5,400,50
46,0,0,5,5,1,3,5,400,50
48,0,0,5,5,1,3,5,400,50
50,0,0,5,5,1,3,5,400,50
52,0,0,5,5,1,3,5,400,50
54,0,0,5,5,1,3,5,400,50
56,365,11,5,5,1,3,5,400,50
58,518,0,5,5,1,3,5,400,50
60,309,150,5,5,1,3,5,400,50
62,0,0,5,5,1,3,5,400,50
64,0,0,5,5,1,3,5,400,50
66,0,0,5,5,1,3,5,400,50
68,0,0,5,5,1,3,5,400,50
70,0,0,5,5,1,3,5,400,50
72,0,0,5,5,1,3,5,400,50
74,0,0,5,5,1,3,5,400,50
76,0,0,5,5,1,3,5,400,50
78,0,0,5,5,1,3,5,400,50
80,0,0,5,5,1,3,5,400,50
82,0,0,5,5,1,3,5,400,50
84,0,0,5,5,1,3,5,400,50
86,0,0,5,5,1,3,5,400,50
88,229,23,5,5,1,3,5,400,50
90,527,52,5,5,1,3,5,400,50
92,440,63,5,5,1,3,5,400,50
94,50,108,5,5,1,3,5,400,50
96,0,0,5,5,1,3,5,400,50
98,0,0,5,5,1,3,5,400,50
100,0,0,5,5,1,3,5,400,50
102,0,0,5,5,1,3,5,400,50
104,0,0,5,5,1,3,5,400,50
106,0,0,5,5,1,3,5,400,50
108,0,0,5,5,1,3,5,400,50
110,0,0,5,5,1,3,5,400,50
112,0,0,5,5,1,3,5,400,50
114,491,13,5,5,1,3,5,400,50
116,419,20,5,5,1,3,5,400,50
118,341,133,5,5,1,3,5,400,50
120,23,29,5,5,1,3,5,400,50
122,0,0,5,5,1,3,5,400,50
124,0,0,5,5,1,3,5,400,50
126,0,0,5,5,1,3,5,400,50
128,0,0,5,5,1,3,5,400,50
130,0,0,5,5,1,3,5,400,50
132,0,0,5,5,1,3,5,400,50
134,0,0,5,5,1,3,5,400,50
136,0,0,5,5,1,3,5,400,50
138,471,13,5,5,1,3,5,400,50
140,451,0,5,5,1,3,5,400,50
142,404,119,5,5,1,3,5,400,50
144,9,7,5,5,1,3,5,400,50
146,0,0,5,5,1,3,5,400,50
148,0,0,5,5,1,3,5,400,50
150,0,0,5,5,1,3,5,400,50
152,0,0,5,5,1,3,5,400,50
154,0,0,5,5,1,3,5,400,50
156,0,0,5,5,1,3,5,400,50
158,0,0,5,5,1,3,5,400,50
160,0,0,5,5,1,3,5,400,50
162,0,0,5,5,1,3,5,400,50
164,380,4,5,5,1,3,5,400,50
166,460,0,5,5,1,3,5,400,50
168,409,0,5,5,1,3,5,400,50
170,80,22,5,5,1,3,5,400,50
172,0,0,5,5,1,3,5,400,50
174,0,0,5,5,1,3,5,400,50
176,0,0,5,5,1,3,5,400,50
178,0,0,5,5,1,3,5,400,50
180,0,0,5,5,1,3,5,400,50
182,0,0,5,5,1,3,5,400,50
184,0,0,5,5,1,3,5,400,50
186,0,0,5,5,1,3,5,400,50
188,0,0,5,5,1,3,5,400,50
190,444,1,5,5,1,3,5,400,50
192,487,0,5,5,1,3,5,400,50
194,353,83,5,5,1,3,5,400,50
196,0,0,5,5,1,3,5,400,50
198,0,0,5,5,1,3,5,400,50
200,0,0,5,5,1,3,5,400,50
202,0,0,5,5,1,3,5,400,50
204,0,0,5,5,1,3,5,400,50
206,0,0,5,5,1,3,5,400,50
208,0,0,5,5,1,3,5,400,50
210,0,0,5,5,1,3,5,400,50
212,0,0,5,5,1,3,5,400,50
214,292,1,5,5,1,3,5,400,50
216,567,17,5,5,1,3,5,400,50
218,398,62,5,5,1,3,5,400,50
220,0,0,5,5,1,3,5,400,50
2,841,0,5,5,1,3,5,400,50
4,516,0,5,5,1,3,5,400,50
6,578,0,5,5,1,3,5,400,50
8,537,40,5,5,1,3,5,400,50
10,556,0,5,5,1,3,5,400,50
12,598,8,5,5,1,3,5,400,50
14,597,0,5,5,1,3,5,400,50
16,531,6,5,5,1,3,5,400,50
18,445,12,5,5,1,3,5,400,50
20,108,156,5,5,1,3,5,400,50
22,0,0,5,5,1,3,5,400,50
24,522,14,5,5,1,3,5,400,50
26,521,3,5,5,1,3,5,400,50
28,358,57,5,5,1,3,5,400,50
30,0,0,5,5,1,3,5,400,50
32,0,0,5,5,1,3,5,400,50
34,0,0,5,5,1,3,5,400,50
36,0,0,5,5,1,3,5,400,50
38,0,0,5,5,1,3,5,400,50
40,0,0,5,5,1,3,5,400,50
42,0,0,5,5,1,3,5,400,50
44,0,0,5,5,1,3,5,400,50
46,0,0,5,5,1,3,5,400,50
48,0,0,5,5,1,3,5,400,50
50,0,0,5,5,1,3,5,400,50
52,0,0,5,5,1,3,5,400,50
54,0,0,5,5,1,3,5,400,50
56,0,0,5,5,1,3,5,400,50
58,0,0,5,5,1,3,5,400,50
60,3,0,5,5,1,3,5,400,50
62,628,1,5,5,1,3,5,400,50
64,492,21,5,5,1,3,5,400,50
66,67,129,5,5,1,3,5,400,50
68,0,0,5,5,1,3,5,400,50
70,0,0,5,5,1,3,5,400,50
72,0,0,5,5,1,3,5,400,50
74,0,0,5,5,1,3,5,400,50
76,0,0,5,5,1,3,5,400,50
78,0,0,5,5,1,3,5,400,50
80,0,0,5,5,1,3,5,400,50
82,0,0,5,5,1,3,5,400,50
84,0,0,5,5,1,3,5,400,50
86,0,0,5,5,1,3,5,400,50
88,0,0,5,5,1,3,5,400,50
90,0,0,5,5,1,3,5,400,50
92,36,4,5,5,1,3,5,400,50
94,688,0,5,5,1,3,5,400,50
96,473,119,5,5,1,3,5,400,50
98,157,101,5,5,1,3,5,400,50
100,0,0,5,5,1,3,5,400,50
102,0,0,5,5,1,3,5,400,50
104,0,0,5,5,1,3,5,400,50
106,0,0,5,5,1,3,5,400,50
108,0,0,5,5,1,3,5,400,50
110,0,0,5,5,1,3,5,400,50
112,0,0,5,5,1,3,5,400,50
114,0,0,5,5,1,3,5,400,50
116,0,0,5,5,1,3,5,400,50
118,436,1,5,5,1,3,5,400,50
120,448,39,5,5,1,3,5,400,50
122,356,159,5,5,1,3,5,400,50
124,0,0,5,5,1,3,5,400,50
126,0,0,5,5,1,3,5,400,50
128,0,0,5,5,1,3,5,400,50
130,0,0,5,5,1,3,5,400,50
132,0,0,5,5,1,3,5,400,50
134,0,0,5,5,1,3,5,400,50
136,0,0,5,5,1,3,5,400,50
138,0,0,5,5,1,3,5,400,50
140,0,0,5,5,1,3,5,400,50
142,254,13,5,5,1,3,5,400,50
144,568,4,5,5,1,3,5,400,50
146,510,76,5,5,1,3,5,400,50
148,0,0,5,5,1,3,5,400,50
150,0,0,5,5,1,3,5,400,50
152,0,0,5,5,1,3,5,400,50
154,0,0,5,5,1,3,5,400,50
156,0,0,5,5,1,3,5,400,50
158,0,0,5,5,1,3,5,400,50
160,0,0,5,5,1,3,5,400,50
162,0,0,5,5,1,3,5,400,50
164,0,0,5,5,1,3,5,400,50
166,234,1,5,5,1,3,5,400,50
168,610,0,5,5,1,3,5,400,50
170,359,82,5,5,1,3,5,400,50
172,0,0,5,5,1,3,5,400,50
174,0,0,5,5,1,3,5,400,50
176,0,0,5,5,1,3,5,400,50
178,0,0,5,5,1,3,5,400,50
180,0,0,5,5,1,3,5,400,50
182,0,0,5,5,1,3,5,400,50
184,0,0,5,5,1,3,5,400,50
186,0,0,5,5,1,3,5,400,50
188,0,0,5,5,1,3,5,400,50
190,410,17,5,5,1,3,5,400,50
192,436,0,5,5,1,3,5,400,50
194,421,120,5,5,1,3,5,400,50
196,0,0,5,5,1,3,5,400,50
198,0,0,5,5,1,3,5,400,50
200,0,0,5,5,1,3,5,400,50
202,0,0,5,5,1,3,5,400,50
204,0,0,5,5,1,3,5,400,50
206,0,0,5,5,1,3,5,400,50
208,0,0,5,5,1,3,5,400,50
210,0,0,5,5,1,3,5,400,50
212,0,0,5,5,1,3,5,400,50
214,0,0,5,5,1,3,5,400,50
216,44,4,5,5,1,3,5,400,50
218,609,0,5,5,1,3,5,400,50
220,470,48,5,5,1,3,5,400,50
222,68,59,5,5,1,3,5,400,50
224,0,0,5,5,1,3,5,400,50
2,871,0,5,5,1,n/a,n/a,400,50
4,509,0,5,5,1,n/a,n/a,400,50
6,469,0,5,5,1,n/a,n/a,400,50
8,477,0,5,5,1,n/a,n/a,400,50
10,523,0,5,5,1,n/a,n/a,400,50
12,404,0,5,5,1,n/a,n/a,400,50
14,410,109,5,5,1,n/a,n/a,400,50
16,0,0,5,5,1,n/a,n/a,400,50
18,0,0,5,5,1,n/a,n/a,400,50
20,466,7,5,5,1,n/a,n/a,400,50
22,470,0,5,5,1,n/a,n/a,400,50
24,505,1,5,5,1,n/a,n/a,400,50
26,369,61,5,5,1,n/a,n/a,400,50
28,61,0,5,5,1,n/a,n/a,400,50
30,0,0,5,5,1,n/a,n/a,400,50
32,0,0,5,5,1,n/a,n/a,400,50
34,0,0,5,5,1,n/a,n/a,400,50
36,0,0,5,5,1,n/a,n/a,400,50
38,522,83,5,5,1,n/a,n/a,400,50
40,550,0,5,5,1,n/a,n/a,400,50
42,178,146,5,5,1,n/a,n/a,400,50
44,0,0,5,5,1,n/a,n/a,400,50
46,0,0,5,5,1,n/a,n/a,400,50
48,0,0,5,5,1,n/a,n/a,400,50
50,0,0,5,5,1,n/a,n/a,400,50
52,0,0,5,5,1,n/a,n/a,400,50
54,0,0,5,5,1,n/a,n/a,400,50
56,0,0,5,5,1,n/a,n/a,400,50
58,0,0,5,5,1,n/a,n/a,400,50
60,0,0,5,5,1,n/a,n/a,400,50
62,0,0,5,5,1,n/a,n/a,400,50
64,0,0,5,5,1,n/a,n/a,400,50
66,0,0,5,5,1,n/a,n/a,400,50
68,0,0,5,5,1,n/a,n/a,400,50
70,0,0,5,5,1,n/a,n/a,400,50
72,0,0,5,5,1,n/a,n/a,400,50
74,0,0,5,5,1,n/a,n/a,400,50
76,0,0,5,5,1,n/a,n/a,400,50
78,0,0,5,5,1,n/a,n/a,400,50
80,0,0,5,5,1,n/a,n/a,400,50
82,22,5,5,5,1,n/a,n/a,400,50
84,624,43,5,5,1,n/a,n/a,400,50
86,485,153,5,5,1,n/a,n/a,400,50
88,135,54,5,5,1,n/a,n/a,400,50
90,0,0,5,5,1,n/a,n/a,400,50
92,0,0,5,5,1,n/a,n/a,400,50
94,0,0,5,5,1,n/a,n/a,400,50
96,0,0,5,5,1,n/a,n/a,400,50
98,0,0,5,5,1,n/a,n/a,400,50
100,0,0,5,5,1,n/a,n/a,400,50
102,0,0,5,5,1,n/a,n/a,400,50
104,0,0,5,5,1,n/a,n/a,400,50
106,0,0,5,5,1,n/a,n/a,400,50
108,0,0,5,5,1,n/a,n/a,400,50
110,0,0,5,5,1,n/a,n/a,400,50
112,0,0,5,5,1,n/a,n/a,400,50
114,0,0,5,5,1,n/a,n/a,400,50
116,0,0,5,5,1,n/a,n/a,400,50
118,0,0,5,5,1,n/a,n/a,400,50
120,0,0,5,5,1,n/a,n/a,400,50
122,0,0,5,5,1,n/a,n/a,400,50
124,0,0,5,5,1,n/a,n/a,400,50
126,0,0,5,5,1,n/a,n/a,400,50
128,0,0,5,5,1,n/a,n/a,400,50
130,0,0,5,5,1,n/a,n/a,400,50
132,0,0,5,5,1,n/a,n/a,400,50
134,0,0,5,5,1,n/a,n/a,400,50
136,0,0,5,5,1,n/a,n/a,400,50
138,6,3,5,5,1,n/a,n/a,400,50
140,694,0,5,5,1,n/a,n/a,400,50
142,488,18,5,5,1,n/a,n/a,400,50
144,89,70,5,5,1,n/a,n/a,400,50
146,0,0,5,5,1,n/a,n/a,400,50
148,0,0,5,5,1,n/a,n/a,400,50
150,0,0,5,5,1,n/a,n/a,400,50
152,0,0,5,5,1,n/a,n/a,400,50
154,0,0,5,5,1,n/a,n/a,400,50
156,0,0,5,5,1,n/a,n/a,400,50
158,0,0,5,5,1,n/a,n/a,400,50
160,0,0,5,5,1,n/a,n/a,400,50
162,0,0,5,5,1,n/a,n/a,400,50
164,0,0,5,5,1,n/a,n/a,400,50
166,0,0,5,5,1,n/a,n/a,400,50
168,0,0,5,5,1,n/a,n/a,400,50
170,0,0,5,5,1,n/a,n/a,400,50
172,0,0,5,5,1,n/a,n/a,400,50
174,293,2,5,5,1,n/a,n/a,400,50
176,613,0,5,5,1,n/a,n/a,400,50
178,365,124,5,5,1,n/a,n/a,400,50
180,0,0,5,5,1,n/a,n/a,400,50
182,0,0,5,5,1,n/a,n/a,400,50
184,0,0,5,5,1,n/a,n/a,400,50
186,0,0,5,5,1,n/a,n/a,400,50
188,0,0,5,5,1,n/a,n/a,400,50
190,0,0,5,5,1,n/a,n/a,400,50
192,0,0,5,5,1,n/a,n/a,400,50
194,0,0,5,5,1,n/a,n/a,400,50
196,0,0,5,5,1,n/a,n/a,400,50
198,0,0,5,5,1,n/a,n/a,400,50
200,0,0,5,5,1,n/a,n/a,400,50
202,0,0,5,5,1,n/a,n/a,400,50
204,0,0,5,5,1,n/a,n/a,400,50
206,0,0,5,5,1,n/a,n/a,400,50
208,0,0,5,5,1,n/a,n/a,400,50
210,461,0,5,5,1,n/a,n/a,400,50
212,500,0,5,5,1,n/a,n/a,400,50
214,389,81,5,5,1,n/a,n/a,400,50
216,0,0,5,5,1,n/a,n/a,400,50
218,0,0,5,5,1,n/a,n/a,400,50
220,0,0,5,5,1,n/a,n/a,400,50
222,0,0,5,5,1,n/a,n/a,400,50
224,0,0,5,5,1,n/a,n/a,400,50
226,0,0,5,5,1,n/a,n/a,400,50
228,0,0,5,5,1,n/a,n/a,400,50
230,0,0,5,5,1,n/a,n/a,400,50
232,0,0,5,5,1,n/a,n/a,400,50
234,0,0,5,5,1,n/a,n/a,400,50
236,0,0,5,5,1,n/a,n/a,400,50
238,0,0,5,5,1,n/a,n/a,400,50
240,0,0,5,5,1,n/a,n/a,400,50
242,0,0,5,5,1,n/a,n/a,400,50
244,0,0,5,5,1,n/a,n/a,400,50
246,0,0,5,5,1,n/a,n/a,400,50
248,0,0,5,5,1,n/a,n/a,400,50
250,193,16,5,5,1,n/a,n/a,400,50
252,660,27,5,5,1,n/a,n/a,400,50
254,399,129,5,5,1,n/a,n/a,400,50
256,0,0,5,5,1,n/a,n/a,400,50
258,0,0,5,5,1,n/a,n/a,400,50
260,0,0,5,5,1,n/a,n/a,400,50
262,0,0,5,5,1,n/a,n/a,400,50
264,0,0,5,5,1,n/a,n/a,400,50
266,0,0,5,5,1,n/a,n/a,400,50
268,0,0,5,5,1,n/a,n/a,400,50
270,0,0,5,5,1,n/a,n/a,400,50
272,0,0,5,5,1,n/a,n/a,400,50
274,0,0,5,5,1,n/a,n/a,400,50
276,0,0,5,5,1,n/a,n/a,400,50
278,0,0,5,5,1,n/a,n/a,400,50
280,0,0,5,5,1,n/a,n/a,400,50
282,0,0,5,5,1,n/a,n/a,400,50
284,0,0,5,5,1,n/a,n/a,400,50
286,0,0,5,5,1,n/a,n/a,400,50
288,248,4,5,5,1,n/a,n/a,400,50
290,508,6,5,5,1,n/a,n/a,400,50
292,543,49,5,5,1,n/a,n/a,400,50
294,5,13,5,5,1,n/a,n/a,400,50
296,0,0,5,5,1,n/a,n/a,400,50
298,0,0,5,5,1,n/a,n/a,400,50
300,0,0,5,5,1,n/a,n/a,400,50
302,0,0,5,5,1,n/a,n/a,400,50
304,0,0,5,5,1,n/a,n/a,400,50
306,0,0,5,5,1,n/a,n/a,400,50
308,0,0,5,5,1,n/a,n/a,400,50
310,0,0,5,5,1,n/a,n/a,400,50
312,0,0,5,5,1,n/a,n/a,400,50
314,0,0,5,5,1,n/a,n/a,400,50
316,0,0,5,5,1,n/a,n/a,400,50
318,0,0,5,5,1,n/a,n/a,400,50
320,0,0,5,5,1,n/a,n/a,400,50
322,0,0,5,5,1,n/a,n/a,400,50
324,0,0,5,5,1,n/a,n/a,400,50
326,0,0,5,5,1,n/a,n/a,400,50
328,0,0,5,5,1,n/a,n/a,400,50
330,2,4,5,5,1,n/a,n/a,400,50
332,674,6,5,5,1,n/a,n/a,400,50
334,469,0,5,5,1,n/a,n/a,400,50
336,0,0,5,5,1,n/a,n/a,400,50
2,784,41,8,8,2,n/a,n/a,400,50
4,593,33,8,8,2,n/a,n/a,400,50
6,480,0,8,8,2,n/a,n/a,400,50
8,598,2,8,8,2,n/a,n/a,400,50
10,379,230,8,8,2,n/a,n/a,400,50
12,541,21,8,8,2,n/a,n/a,400,50
14,415,89,8,8,2,n/a,n/a,400,50
16,101,73,8,8,2,n/a,n/a,400,50
18,636,12,8,8,2,n/a,n/a,400,50
20,543,0,8,8,2,n/a,n/a,400,50
22,364,179,8,8,2,n/a,n/a,400,50
24,0,0,8,8,2,n/a,n/a,400,50
26,0,0,8,8,2,n/a,n/a,400,50
28,254,3,8,8,2,n/a,n/a,400,50
30,466,188,8,8,2,n/a,n/a,400,50
32,576,4,8,8,2,n/a,n/a,400,50
34,81,42,8,8,2,n/a,n/a,400,50
36,0,0,8,8,2,n/a,n/a,400,50
38,0,0,8,8,2,n/a,n/a,400,50
40,0,0,8,8,2,n/a,n/a,400,50
42,0,0,8,8,2,n/a,n/a,400,50
44,0,0,8,8,2,n/a,n/a,400,50
46,0,0,8,8,2,n/a,n/a,400,50
48,0,0,8,8,2,n/a,n/a,400,50
50,0,0,8,8,2,n/a,n/a,400,50
52,0,0,8,8,2,n/a,n/a,400,50
54,0,0,8,8,2,n/a,n/a,400,50
56,0,0,8,8,2,n/a,n/a,400,50
58,0,0,8,8,2,n/a,n/a,400,50
60,0,0,8,8,2,n/a,n/a,400,50
62,0,0,8,8,2,n/a,n/a,400,50
64,0,0,8,8,2,n/a,n/a,400,50
66,0,0,8,8,2,n/a,n/a,400,50
68,0,0,8,8,2,n/a,n/a,400,50
70,0,0,8,8,2,n/a,n/a,400,50
72,0,0,8,8,2,n/a,n/a,400,50
74,0,0,8,8,2,n/a,n/a,400,50
76,0,0,8,8,2,n/a,n/a,400,50
78,0,0,8,8,2,n/a,n/a,400,50
80,0,0,8,8,2,n/a,n/a,400,50
82,0,0,8,8,2,n/a,n/a,400,50
84,601,26,8,8,2,n/a,n/a,400,50
86,504,35,8,8,2,n/a,n/a,400,50
88,55,135,8,8,2,n/a,n/a,400,50
90,0,0,8,8,2,n/a,n/a,400,50
92,0,0,8,8,2,n/a,n/a,400,50
94,0,0,8,8,2,n/a,n/a,400,50
96,0,0,8,8,2,n/a,n/a,400,50
98,0,0,8,8,2,n/a,n/a,400,50
100,0,0,8,8,2,n/a,n/a,400,50
102,0,0,8,8,2,n/a,n/a,400,50
104,0,0,8,8,2,n/a,n/a,400,50
106,0,0,8,8,2,n/a,n/a,400,50
108,0,0,8,8,2,n/a,n/a,400,50
110,0,0,8,8,2,n/a,n/a,400,50
112,0,0,8,8,2,n/a,n/a,400,50
114,0,0,8,8,2,n/a,n/a,400,50
116,0,0,8,8,2,n/a,n/a,400,50
118,0,0,8,8,2,n/a,n/a,400,50
120,0,0,8,8,2,n/a,n/a,400,50
122,0,0,8,8,2,n/a,n/a,400,50
124,0,0,8,8,2,n/a,n/a,400,50
126,616,5,8,8,2,n/a,n/a,400,50
128,585,0,8,8,2,n/a,n/a,400,50
130,219,0,8,8,2,n/a,n/a,400,50
132,0,0,8,8,2,n/a,n/a,400,50
134,0,0,8,8,2,n/a,n/a,400,50
136,0,0,8,8,2,n/a,n/a,400,50
138,0,0,8,8,2,n/a,n/a,400,50
140,0,0,8,8,2,n/a,n/a,400,50
142,0,0,8,8,2,n/a,n/a,400,50
144,0,0,8,8,2,n/a,n/a,400,50
146,0,0,8,8,2,n/a,n/a,400,50
148,0,0,8,8,2,n/a,n/a,400,50
150,0,0,8,8,2,n/a,n/a,400,50
152,0,0,8,8,2,n/a,n/a,400,50
154,0,0,8,8,2,n/a,n/a,400,50
156,0,0,8,8,2,n/a,n/a,400,50
158,0,0,8,8,2,n/a,n/a,400,50
160,0,0,8,8,2,n/a,n/a,400,50
162,0,0,8,8,2,n/a,n/a,400,50
164,0,0,8,8,2,n/a,n/a,400,50
166,0,0,8,8,2,n/a,n/a,400,50
168,0,0,8,8,2,n/a,n/a,400,50
170,616,0,8,8,2,n/a,n/a,400,50
172,489,38,8,8,2,n/a,n/a,400,50
174,59,131,8,8,2,n/a,n/a,400,50
176,0,0,8,8,2,n/a,n/a,400,50
178,0,0,8,8,2,n/a,n/a,400,50
180,0,0,8,8,2,n/a,n/a,400,50
182,0,0,8,8,2,n/a,n/a,400,50
184,0,0,8,8,2,n/a,n/a,400,50
186,0,0,8,8,2,n/a,n/a,400,50
188,0,0,8,8,2,n/a,n/a,400,50
190,0,0,8,8,2,n/a,n/a,400,50
192,0,0,8,8,2,n/a,n/a,400,50
194,0,0,8,8,2,n/a,n/a,400,50
196,0,0,8,8,2,n/a,n/a,400,50
198,0,0,8,8,2,n/a,n/a,400,50
200,0,0,8,8,2,n/a,n/a,400,50
202,0,0,8,8,2,n/a,n/a,400,50
204,0,0,8,8,2,n/a,n/a,400,50
206,0,0,8,8,2,n/a,n/a,400,50
208,233,4,8,8,2,n/a,n/a,400,50
210,530,96,8,8,2,n/a,n/a,400,50
212,458,137,8,8,2,n/a,n/a,400,50
214,14,97,8,8,2,n/a,n/a,400,50
216,0,0,8,8,2,n/a,n/a,400,50
218,0,0,8,8,2,n/a,n/a,400,50
220,0,0,8,8,2,n/a,n/a,400,50
222,0,0,8,8,2,n/a,n/a,400,50
224,0,0,8,8,2,n/a,n/a,400,50
226,0,0,8,8,2,n/a,n/a,400,50
228,0,0,8,8,2,n/a,n/a,400,50
230,0,0,8,8,2,n/a,n/a,400,50
232,0,0,8,8,2,n/a,n/a,400,50
234,0,0,8,8,2,n/a,n/a,400,50
236,0,0,8,8,2,n/a,n/a,400,50
238,0,0,8,8,2,n/a,n/a,400,50
240,0,0,8,8,2,n/a,n/a,400,50
242,0,0,8,8,2,n/a,n/a,400,50
244,628,16,8,8,2,n/a,n/a,400,50
246,516,0,8,8,2,n/a,n/a,400,50
248,152,170,8,8,2,n/a,n/a,400,50
250,0,0,8,8,2,n/a,n/a,400,50
252,0,0,8,8,2,n/a,n/a,400,50
254,0,0,8,8,2,n/a,n/a,400,50
256,0,0,8,8,2,n/a,n/a,400,50
258,0,0,8,8,2,n/a,n/a,400,50
260,0,0,8,8,2,n/a,n/a,400,50
262,0,0,8,8,2,n/a,n/a,400,50
264,0,0,8,8,2,n/a,n/a,400,50
266,0,0,8,8,2,n/a,n/a,400,50
268,0,0,8,8,2,n/a,n/a,400,50
270,0,0,8,8,2,n/a,n/a,400,50
272,0,0,8,8,2,n/a,n/a,400,50
274,0,0,8,8,2,n/a,n/a,400,50
276,0,0,8,8,2,n/a,n/a,400,50
278,0,0,8,8,2,n/a,n/a,400,50
280,0,0,8,8,2,n/a,n/a,400,50
282,0,0,8,8,2,n/a,n/a,400,50
284,356,11,8,8,2,n/a,n/a,400,50
286,493,0,8,8,2,n/a,n/a,400,50
288,452,142,8,8,2,n/a,n/a,400,50
290,0,1,8,8,2,n/a,n/a,400,50
292,0,0,8,8,2,n/a,n/a,400,50
294,0,0,8,8,2,n/a,n/a,400,50
296,0,0,8,8,2,n/a,n/a,400,50
298,0,0,8,8,2,n/a,n/a,400,50
300,0,0,8,8,2,n/a,n/a,400,50
302,0,0,8,8,2,n/a,n/a,400,50
304,0,0,8,8,2,n/a,n/a,400,50
306,0,0,8,8,2,n/a,n/a,400,50
308,0,0,8,8,2,n/a,n/a,400,50
310,0,0,8,8,2,n/a,n/a,400,50
312,0,0,8,8,2,n/a,n/a,400,50
314,0,0,8,8,2,n/a,n/a,400,50
316,0,0,8,8,2,n/a,n/a,400,50
318,0,0,8,8,2,n/a,n/a,400,50
320,0,0,8,8,2,n/a,n/a,400,50
322,0,0,8,8,2,n/a,n/a,400,50
324,516,1,8,8,2,n/a,n/a,400,50
326,0,0,8,8,2,n/a,n/a,400,50
2,877,0,n/a,n/a,n/a,3,5,400,50
4,400,0,n/a,n/a,n/a,3,5,400,50
6,508,0,n/a,n/a,n/a,3,5,400,50
8,380,208,n/a,n/a,n/a,3,5,400,50
10,497,2,n/a,n/a,n/a,3,5,400,50
12,582,5,n/a,n/a,n/a,3,5,400,50
14,205,103,n/a,n/a,n/a,3,5,400,50
16,0,0,n/a,n/a,n/a,3,5,400,50
18,0,0,n/a,n/a,n/a,3,5,400,50
20,485,7,n/a,n/a,n/a,3,5,400,50
22,543,39,n/a,n/a,n/a,3,5,400,50
24,509,13,n/a,n/a,n/a,3,5,400,50
26,354,163,n/a,n/a,n/a,3,5,400,50
28,0,0,n/a,n/a,n/a,3,5,400,50
30,0,0,n/a,n/a,n/a,3,5,400,50
32,0,0,n/a,n/a,n/a,3,5,400,50
34,0,0,n/a,n/a,n/a,3,5,400,50
36,0,0,n/a,n/a,n/a,3,5,400,50
38,0,0,n/a,n/a,n/a,3,5,400,50
40,611,10,n/a,n/a,n/a,3,5,400,50
42,501,0,n/a,n/a,n/a,3,5,400,50
44,145,185,n/a,n/a,n/a,3,5,400,50
46,0,0,n/a,n/a,n/a,3,5,400,50
48,0,0,n/a,n/a,n/a,3,5,400,50
50,0,0,n/a,n/a,n/a,3,5,400,50
52,0,0,n/a,n/a,n/a,3,5,400,50
54,0,0,n/a,n/a,n/a,3,5,400,50
56,0,0,n/a,n/a,n/a,3,5,400,50
58,0,0,n/a,n/a,n/a,3,5,400,50
60,0,0,n/a,n/a,n/a,3,5,400,50
62,0,0,n/a,n/a,n/a,3,5,400,50
64,0,0,n/a,n/a,n/a,3,5,400,50
66,0,0,n/a,n/a,n/a,3,5,400,50
68,0,0,n/a,n/a,n/a,3,5,400,50
70,0,0,n/a,n/a,n/a,3,5,400,50
72,0,0,n/a,n/a,n/a,3,5,400,50
74,0,0,n/a,n/a,n/a,3,5,400,50
76,0,0,n/a,n/a,n/a,3,5,400,50
78,0,0,n/a,n/a,n/a,3,5,400,50
80,0,0,n/a,n/a,n/a,3,5,400,50
82,0,0,n/a,n/a,n/a,3,5,400,50
84,0,0,n/a,n/a,n/a,3,5,400,50
86,0,0,n/a,n/a,n/a,3,5,400,50
88,0,0,n/a,n/a,n/a,3,5,400,50
90,0,0,n/a,n/a,n/a,3,5,400,50
92,0,0,n/a,n/a,n/a,3,5,400,50
94,0,0,n/a,n/a,n/a,3,5,400,50
96,0,0,n/a,n/a,n/a,3,5,400,50
98,0,0,n/a,n/a,n/a,3,5,400,50
100,0,0,n/a,n/a,n/a,3,5,400,50
102,0,0,n/a,n/a,n/a,3,5,400,50
104,578,54,n/a,n/a,n/a,3,5,400,50
106,412,86,n/a,n/a,n/a,3,5,400,50
108,315,134,n/a,n/a,n/a,3,5,400,50
110,0,0,n/a,n/a,n/a,3,5,400,50
112,0,0,n/a,n/a,n/a,3,5,400,50
114,0,0,n/a,n/a,n/a,3,5,400,50
116,0,0,n/a,n/a,n/a,3,5,400,50
118,0,0,n/a,n/a,n/a,3,5,400,50
120,0,0,n/a,n/a,n/a,3,5,400,50
122,0,0,n/a,n/a,n/a,3,5,400,50
124,0,0,n/a,n/a,n/a,3,5,400,50
126,0,0,n/a,n/a,n/a,3,5,400,50
128,0,0,n/a,n/a,n/a,3,5,400,50
130,0,0,n/a,n/a,n/a,3,5,400,50
132,0,0,n/a,n/a,n/a,3,5,400,50
134,0,0,n/a,n/a,n/a,3,5,400,50
136,0,0,n/a,n/a,n/a,3,5,400,50
138,0,0,n/a,n/a,n/a,3,5,400,50
140,0,0,n/a,n/a,n/a,3,5,400,50
142,0,0,n/a,n/a,n/a,3,5,400,50
144,0,0,n/a,n/a,n/a,3,5,400,50
146,0,0,n/a,n/a,n/a,3,5,400,50
148,0,0,n/a,n/a,n/a,3,5,400,50
150,0,0,n/a,n/a,n/a,3,5,400,50
152,0,0,n/a,n/a,n/a,3,5,400,50
154,0,0,n/a,n/a,n/a,3,5,400,50
156,0,0,n/a,n/a,n/a,3,5,400,50
158,0,0,n/a,n/a,n/a,3,5,400,50
160,0,0,n/a,n/a,n/a,3,5,400,50
162,0,0,n/a,n/a,n/a,3,5,400,50
164,0,0,n/a,n/a,n/a,3,5,400,50
166,0,0,n/a,n/a,n/a,3,5,400,50
168,0,0,n/a,n/a,n/a,3,5,400,50
170,133,9,n/a,n/a,n/a,3,5,400,50
172,595,0,n/a,n/a,n/a,3,5,400,50
174,517,81,n/a,n/a,n/a,3,5,400,50
176,30,30,n/a,n/a,n/a,3,5,400,50
178,0,0,n/a,n/a,n/a,3,5,400,50
180,0,0,n/a,n/a,n/a,3,5,400,50
182,0,0,n/a,n/a,n/a,3,5,400,50
184,0,0,n/a,n/a,n/a,3,5,400,50
186,0,0,n/a,n/a,n/a,3,5,400,50
188,0,0,n/a,n/a,n/a,3,5,400,50
190,0,0,n/a,n/a,n/a,3,5,400,50
192,0,0,n/a,n/a,n/a,3,5,400,50
194,0,0,n/a,n/a,n/a,3,5,400,50
196,0,0,n/a,n/a,n/a,3,5,400,50
198,0,0,n/a,n/a,n/a,3,5,400,50
200,0,0,n/a,n/a,n/a,3,5,400,50
202,0,0,n/a,n/a,n/a,3,5,400,50
204,0,0,n/a,n/a,n/a,3,5,400,50
206,0,0,n/a,n/a,n/a,3,5,400,50
208,0,0,n/a,n/a,n/a,3,5,400,50
210,0,0,n/a,n/a,n/a,3,5,400,50
212,0,6,n/a,n/a,n/a,3,5,400,50
214,697,39,n/a,n/a,n/a,3,5,400,50
216,512,26,n/a,n/a,n/a,3,5,400,50
218,77,113,n/a,n/a,n/a,3,5,400,50
220,0,0,n/a,n/a,n/a,3,5,400,50
222,0,0,n/a,n/a,n/a,3,5,400,50
224,0,0,n/a,n/a,n/a,3,5,400,50
226,0,0,n/a,n/a,n/a,3,5,400,50
228,0,0,n/a,n/a,n/a,3,5,400,50
230,0,0,n/a,n/a,n/a,3,5,400,50
232,0,0,n/a,n/a,n/a,3,5,400,50
234,0,0,n/a,n/a,n/a,3,5,400,50
236,0,0,n/a,n/a,n/a,3,5,400,50
238,0,0,n/a,n/a,n/a,3,5,400,50
240,0,0,n/a,n/a,n/a,3,5,400,50
242,0,0,n/a,n/a,n/a,3,5,400,50
244,0,0,n/a,n/a,n/a,3,5,400,50
246,0,0,n/a,n/a,n/a,3,5,400,50
248,0,0,n/a,n/a,n/a,3,5,400,50
250,0,0,n/a,n/a,n/a,3,5,400,50
252,0,0,n/a,n/a,n/a,3,5,400,50
254,16,3,n/a,n/a,n/a,3,5,400,50
256,676,0,n/a,n/a,n/a,3,5,400,50
258,502,26,n/a,n/a,n/a,3,5,400,50
260,161,49,n/a,n/a,n/a,3,5,400,50
262,0,0,n/a,n/a,n/a,3,5,400,50
264,0,0,n/a,n/a,n/a,3,5,400,50
266,0,0,n/a,n/a,n/a,3,5,400,50
268,0,0,n/a,n/a,n/a,3,5,400,50
270,0,0,n/a,n/a,n/a,3,5,400,50
272,0,0,n/a,n/a,n/a,3,5,400,50
274,0,0,n/a,n/a,n/a,3,5,400,50
276,0,0,n/a,n/a,n/a,3,5,400,50
278,0,0,n/a,n/a,n/a,3,5,400,50
280,0,0,n/a,n/a,n/a,3,5,400,50
282,0,0,n/a,n/a,n/a,3,5,400,50
284,0,0,n/a,n/a,n/a,3,5,400,50
286,0,0,n/a,n/a,n/a,3,5,400,50
288,0,0,n/a,n/a,n/a,3,5,400,50
290,0,0,n/a,n/a,n/a,3,5,400,50
292,0,0,n/a,n/a,n/a,3,5,400,50
294,0,0,n/a,n/a,n/a,3,5,400,50
296,0,0,n/a,n/a,n/a,3,5,400,50
298,0,0,n/a,n/a,n/a,3,5,400,50
300,17,2,n/a,n/a,n/a,3,5,400,50
302,602,2,n/a,n/a,n/a,3,5,400,50
304,543,117,n/a,n/a,n/a,3,5,400,50
306,23,41,n/a,n/a,n/a,3,5,400,50
308,0,0,n/a,n/a,n/a,3,5,400,50
310,0,0,n/a,n/a,n/a,3,5,400,50
312,0,0,n/a,n/a,n/a,3,5,400,50
314,0,0,n/a,n/a,n/a,3,5,400,50
316,0,0,n/a,n/a,n/a,3,5,400,50
318,0,0,n/a,n/a,n/a,3,5,400,50
320,0,0,n/a,n/a,n/a,3,5,400,50
322,0,0,n/a,n/a,n/a,3,5,400,50
324,0,0,n/a,n/a,n/a,3,5,400,50
326,0,0,n/a,n/a,n/a,3,5,400,50
328,0,0,n/a,n/a,n/a,3,5,400,50
330,0,0,n/a,n/a,n/a,3,5,400,50
332,0,0,n/a,n/a,n/a,3,5,400,50
334,0,0,n/a,n/a,n/a,3,5,400,50
336,0,0,n/a,n/a,n/a,3,5,400,50
338,0,0,n/a,n/a,n/a,3,5,400,50
340,0,0,n/a,n/a,n/a,3,5,400,50
342,0,0,n/a,n/a,n/a,3,5,400,50
344,0,0,n/a,n/a,n/a,3,5,400,50
346,0,0,n/a,n/a,n/a,3,5,400,50
348,0,0,n/a,n/a,n/a,3,5,400,50
350,614,22,n/a,n/a,n/a,3,5,400,50
352,586,86,n/a,n/a,n/a,3,5,400,50
354,84,113,n/a,n/a,n/a,3,5,400,50
356,0,0,n/a,n/a,n/a,3,5,400,50
358,0,0,n/a,n/a,n/a,3,5,400,50
360,0,0,n/a,n/a,n/a,3,5,400,50
362,0,0,n/a,n/a,n/a,3,5,400,50
364,0,0,n/a,n/a,n/a,3,5,400,50
366,0,0,n/a,n/a,n/a,3,5,400,50
368,0,0,n/a,n/a,n/a,3,5,400,50
370,0,0,n/a,n/a,n/a,3,5,400,50
372,0,0,n/a,n/a,n/a,3,5,400,50
374,0,0,n/a,n/a,n/a,3,5,400,50
376,0,0,n/a,n/a,n/a,3,5,400,50
378,0,0,n/a,n/a,n/a,3,5,400,50
380,0,0,n/a,n/a,n/a,3,5,400,50
382,0,0,n/a,n/a,n/a,3,5,400,50
384,0,0,n/a,n/a,n/a,3,5,400,50
386,0,0,n/a,n/a,n/a,3,5,400,50
388,0,0,n/a,n/a,n/a,3,5,400,50
390,0,0,n/a,n/a,n/a,3,5,400,50
392,0,0,n/a,n/a,n/a,3,5,400,50
394,0,0,n/a,n/a,n/a,3,5,400,50
396,0,0,n/a,n/a,n/a,3,5,400,50
398,0,0,n/a,n/a,n/a,3,5,400,50
400,0,0,n/a,n/a,n/a,3,5,400,50
402,159,7,n/a,n/a,n/a,3,5,400,50
404,335,53,n/a,n/a,n/a,3,5,400,50
406,0,0,n/a,n/a,n/a,3,5,400,50
1,412,74,8,8,2,3,5,800,50
2,440,0,8,8,2,3,5,800,50
3,413,6,8,8,2,3,5,800,50
4,346,0,8,8,2,3,5,800,50
5,281,4,8,8,2,3,5,800,50
6,223,12,8,8,2,3,5,800,50
7,196,0,8,8,2,3,5,800,50
8,209,0,8,8,2,3,5,800,50
9,173,158,8,8,2,3,5,800,50
10,23,267,8,8,2,3,5,800,50
11,0,78,8,8,2,3,5,800,50
12,0,0,8,8,2,3,5,800,50
13,0,405,8,8,2,3,5,800,50
14,0,15,8,8,2,3,5,800,50
15,0,0,8,8,2,3,5,800,50
16,0,0,8,8,2,3,5,800,50
17,0,0,8,8,2,3,5,800,50
18,0,0,8,8,2,3,5,800,50
19,0,0,8,8,2,3,5,800,50
20,0,0,8,8,2,3,5,800,50
21,0,0,8,8,2,3,5,800,50
22,0,0,8,8,2,3,5,800,50
23,0,0,8,8,2,3,5,800,50
24,0,0,8,8,2,3,5,800,50
25,0,0,8,8,2,3,5,800,50
26,0,0,8,8,2,3,5,800,50
27,0,0,8,8,2,3,5,800,50
28,0,0,8,8,2,3,5,800,50
29,0,0,8,8,2,3,5,800,50
30,0,0,8,8,2,3,5,800,50
31,0,0,8,8,2,3,5,800,50
32,0,0,8,8,2,3,5,800,50
33,0,0,8,8,2,3,5,800,50
34,0,0,8,8,2,3,5,800,50
35,0,0,8,8,2,3,5,800,50
36,0,0,8,8,2,3,5,800,50
37,0,0,8,8,2,3,5,800,50
38,0,0,8,8,2,3,5,800,50
39,0,0,8,8,2,3,5,800,50
40,0,98,8,8,2,3,5,800,50
41,0,77,8,8,2,3,5,800,50
42,0,0,8,8,2,3,5,800,50
43,0,18,8,8,2,3,5,800,50
44,0,305,8,8,2,3,5,800,50
45,0,0,8,8,2,3,5,800,50
46,0,0,8,8,2,3,5,800,50
47,0,0,8,8,2,3,5,800,50
48,0,0,8,8,2,3,5,800,50
49,0,0,8,8,2,3,5,800,50
50,0,0,8,8,2,3,5,800,50
51,0,0,8,8,2,3,5,800,50
52,0,0,8,8,2,3,5,800,50
53,0,0,8,8,2,3,5,800,50
54,0,0,8,8,2,3,5,800,50
55,0,0,8,8,2,3,5,800,50
56,0,0,8,8,2,3,5,800,50
57,0,0,8,8,2,3,5,800,50
58,0,0,8,8,2,3,5,800,50
59,0,0,8,8,2,3,5,800,50
60,0,0,8,8,2,3,5,800,50
61,0,0,8,8,2,3,5,800,50
62,0,0,8,8,2,3,5,800,50
63,0,0,8,8,2,3,5,800,50
64,0,0,8,8,2,3,5,800,50
65,0,0,8,8,2,3,5,800,50
66,0,0,8,8,2,3,5,800,50
67,0,0,8,8,2,3,5,800,50
68,0,0,8,8,2,3,5,800,50
69,0,0,8,8,2,3,5,800,50
70,0,53,8,8,2,3,5,800,50
71,0,87,8,8,2,3,5,800,50
72,0,0,8,8,2,3,5,800,50
73,0,18,8,8,2,3,5,800,50
74,0,218,8,8,2,3,5,800,50
75,0,24,8,8,2,3,5,800,50
76,0,0,8,8,2,3,5,800,50
77,0,0,8,8,2,3,5,800,50
78,0,0,8,8,2,3,5,800,50
79,0,0,8,8,2,3,5,800,50
80,0,0,8,8,2,3,5,800,50
81,0,0,8,8,2,3,5,800,50
82,0,0,8,8,2,3,5,800,50
83,0,0,8,8,2,3,5,800,50
84,0,0,8,8,2,3,5,800,50
85,0,0,8,8,2,3,5,800,50
86,0,0,8,8,2,3,5,800,50
87,0,0,8,8,2,3,5,800,50
88,0,0,8,8,2,3,5,800,50
89,0,0,8,8,2,3,5,800,50
90,0,0,8,8,2,3,5,800,50
91,0,0,8,8,2,3,5,800,50
92,0,0,8,8,2,3,5,800,50
93,0,0,8,8,2,3,5,800,50
94,0,0,8,8,2,3,5,800,50
95,0,0,8,8,2,3,5,800,50
96,0,0,8,8,2,3,5,800,50
97,0,0,8,8,2,3,5,800,50
98,0,0,8,8,2,3,5,800,50
99,0,0,8,8,2,3,5,800,50
100,0,57,8,8,2,3,5,800,50
101,0,87,8,8,2,3,5,800,50
102,0,0,8,8,2,3,5,800,50
103,0,17,8,8,2,3,5,800,50
104,0,19,8,8,2,3,5,800,50
105,0,223,8,8,2,3,5,800,50
106,0,0,8,8,2,3,5,800,50
107,0,0,8,8,2,3,5,800,50
108,0,0,8,8,2,3,5,800,50
109,0,0,8,8,2,3,5,800,50
110,0,0,8,8,2,3,5,800,50
111,0,0,8,8,2,3,5,800,50
112,0,0,8,8,2,3,5,800,50
113,0,0,8,8,2,3,5,800,50
114,0,0,8,8,2,3,5,800,50
115,0,0,8,8,2,3,5,800,50
116,0,0,8,8,2,3,5,800,50
117,0,0,8,8,2,3,5,800,50
118,0,0,8,8,2,3,5,800,50
119,0,0,8,8,2,3,5,800,50
120,0,0,8,8,2,3,5,800,50
121,0,0,8,8,2,3,5,800,50
122,0,0,8,8,2,3,5,800,50
123,0,0,8,8,2,3,5,800,50
124,0,0,8,8,2,3,5,800,50
125,0,0,8,8,2,3,5,800,50
126,0,0,8,8,2,3,5,800,50
127,0,0,8,8,2,3,5,800,50
128,0,0,8,8,2,3,5,800,50
129,0,0,8,8,2,3,5,800,50
130,0,51,8,8,2,3,5,800,50
131,0,90,8,8,2,3,5,800,50
132,0,0,8,8,2,3,5,800,50
133,0,15,8,8,2,3,5,800,50
134,0,18,8,8,2,3,5,800,50
135,0,229,8,8,2,3,5,800,50
136,0,0,8,8,2,3,5,800,50
137,0,0,8,8,2,3,5,800,50
138,0,0,8,8,2,3,5,800,50
139,0,0,8,8,2,3,5,800,50
140,0,0,8,8,2,3,5,800,50
141,0,0,8,8,2,3,5,800,50
142,0,0,8,8,2,3,5,800,50
143,0,0,8,8,2,3,5,800,50
144,0,0,8,8,2,3,5,800,50
145,0,0,8,8,2,3,5,800,50
146,0,0,8,8,2,3,5,800,50
147,0,0,8,8,2,3,5,800,50
148,0,0,8,8,2,3,5,800,50
149,0,0,8,8,2,3,5,800,50
150,0,0,8,8,2,3,5,800,50
151,0,0,8,8,2,3,5,800,50
152,0,0,8,8,2,3,5,800,50
153,0,0,8,8,2,3,5,800,50
154,0,0,8,8,2,3,5,800,50
155,0,0,8,8,2,3,5,800,50
156,0,0,8,8,2,3,5,800,50
157,0,0,8,8,2,3,5,800,50
158,0,0,8,8,2,3,5,800,50
159,0,0,8,8,2,3,5,800,50
160,0,58,8,8,2,3,5,800,50
161,0,80,8,8,2,3,5,800,50
162,0,0,8,8,2,3,5,800,50
163,0,15,8,8,2,3,5,800,50
164,0,19,8,8,2,3,5,800,50
165,0,159,8,8,2,3,5,800,50
166,0,86,8,8,2,3,5,800,50
167,0,0,8,8,2,3,5,800,50
168,0,0,8,8,2,3,5,800,50
169,0,0,8,8,2,3,5,800,50
170,0,0,8,8,2,3,5,800,50
171,0,0,8,8,2,3,5,800,50
172,0,0,8,8,2,3,5,800,50
173,0,0,8,8,2,3,5,800,50
174,0,0,8,8,2,3,5,800,50
175,0,0,8,8,2,3,5,800,50
176,0,0,8,8,2,3,5,800,50
177,0,0,8,8,2,3,5,800,50
178,0,0,8,8,2,3,5,800,50
179,0,0,8,8,2,3,5,800,50
180,0,0,8,8,2,3,5,800,50
181,0,0,8,8,2,3,5,800,50
182,0,0,8,8,2,3,5,800,50
183,0,0,8,8,2,3,5,800,50
184,0,0,8,8,2,3,5,800,50
185,0,0,8,8,2,3,5,800,50
186,0,0,8,8,2,3,5,800,50
187,0,0,8,8,2,3,5,800,50
188,0,0,8,8,2,3,5,800,50
189,0,0,8,8,2,3,5,800,50
190,0,46,8,8,2,3,5,800,50
191,0,88,8,8,2,3,5,800,50
192,0,0,8,8,2,3,5,800,50
193,0,16,8,8,2,3,5,800,50
194,0,17,8,8,2,3,5,800,50
195,0,34,8,8,2,3,5,800,50
196,0,189,8,8,2,3,5,800,50
197,0,0,8,8,2,3,5,800,50
198,0,0,8,8,2,3,5,800,50
199,0,0,8,8,2,3,5,800,50
200,0,0,8,8,2,3,5,800,50
201,0,0,8,8,2,3,5,800,50
202,0,0,8,8,2,3,5,800,50
203,0,0,8,8,2,3,5,800,50
204,0,0,8,8,2,3,5,800,50
205,0,0,8,8,2,3,5,800,50
206,0,0,8,8,2,3,5,800,50
207,0,0,8,8,2,3,5,800,50
208,0,0,8,8,2,3,5,800,50
209,0,0,8,8,2,3,5,800,50
210,0,0,8,8,2,3,5,800,50
211,0,0,8,8,2,3,5,800,50
212,0,0,8,8,2,3,5,800,50
213,0,0,8,8,2,3,5,800,50
214,0,0,8,8,2,3,5,800,50
215,0,0,8,8,2,3,5,800,50
216,0,0,8,8,2,3,5,800,50
217,0,0,8,8,2,3,5,800,50
218,0,0,8,8,2,3,5,800,50
219,0,0,8,8,2,3,5,800,50
220,0,47,8,8,2,3,5,800,50
221,0,87,8,8,2,3,5,800,50
222,0,0,8,8,2,3,5,800,50
223,0,17,8,8,2,3,5,800,50
224,0,18,8,8,2,3,5,800,50
225,0,32,8,8,2,3,5,800,50
226,0,92,8,8,2,3,5,800,50
227,0,80,8,8,2,3,5,800,50
228,0,0,8,8,2,3,5,800,50
229,0,0,8,8,2,3,5,800,50
230,0,0,8,8,2,3,5,800,50
231,0,0,8,8,2,3,5,800,50
232,0,0,8,8,2,3,5,800,50
233,0,0,8,8,2,3,5,800,50
234,0,0,8,8,2,3,5,800,50
235,0,0,8,8,2,3,5,800,50
236,0,0,8,8,2,3,5,800,50
237,0,0,8,8,2,3,5,800,50
238,0,0,8,8,2,3,5,800,50
239,0,0,8,8,2,3,5,800,50
240,0,0,8,8,2,3,5,800,50
241,0,0,8,8,2,3,5,800,50
242,0,0,8,8,2,3,5,800,50
243,0,0,8,8,2,3,5,800,50
244,0,0,8,8,2,3,5,800,50
245,0,0,8,8,2,3,5,800,50
246,0,0,8,8,2,3,5,800,50
247,0,0,8,8,2,3,5,800,50
248,0,0,8,8,2,3,5,800,50
249,0,0,8,8,2,3,5,800,50
250,0,48,8,8,2,3,5,800,50
251,0,90,8,8,2,3,5,800,50
252,0,0,8,8,2,3,5,800,50
253,0,13,8,8,2,3,5,800,50
254,0,20,8,8,2,3,5,800,50
255,0,35,8,8,2,3,5,800,50
256,0,19,8,8,2,3,5,800,50
257,0,181,8,8,2,3,5,800,50
258,0,0,8,8,2,3,5,800,50
259,0,0,8,8,2,3,5,800,50
260,0,0,8,8,2,3,5,800,50
261,0,0,8,8,2,3,5,800,50
262,0,0,8,8,2,3,5,800,50
263,0,0,8,8,2,3,5,800,50
264,0,0,8,8,2,3,5,800,50
265,0,0,8,8,2,3,5,800,50
266,0,0,8,8,2,3,5,800,50
267,0,0,8,8,2,3,5,800,50
268,0,0,8,8,2,3,5,800,50
269,0,0,8,8,2,3,5,800,50
270,0,0,8,8,2,3,5,800,50
271,0,0,8,8,2,3,5,800,50
272,0,0,8,8,2,3,5,800,50
273,0,0,8,8,2,3,5,800,50
274,0,0,8,8,2,3,5,800,50
275,0,0,8,8,2,3,5,800,50
276,0,0,8,8,2,3,5,800,50
277,0,0,8,8,2,3,5,800,50
278,0,0,8,8,2,3,5,800,50
279,0,0,8,8,2,3,5,800,50
280,0,56,8,8,2,3,5,800,50
281,0,51,8,8,2,3,5,800,50
282,0,35,8,8,2,3,5,800,50
283,0,13,8,8,2,3,5,800,50
284,0,18,8,8,2,3,5,800,50
285,0,34,8,8,2,3,5,800,50
286,0,20,8,8,2,3,5,800,50
287,0,168,8,8,2,3,5,800,50
288,0,0,8,8,2,3,5,800,50
289,0,0,8,8,2,3,5,800,50
290,0,0,8,8,2,3,5,800,50
291,0,0,8,8,2,3,5,800,50
292,0,0,8,8,2,3,5,800,50
293,0,0,8,8,2,3,5,800,50
294,0,0,8,8,2,3,5,800,50
295,0,0,8,8,2,3,5,800,50
296,0,0,8,8,2,3,5,800,50
297,0,0,8,8,2,3,5,800,50
298,0,0,8,8,2,3,5,800,50
299,0,0,8,8,2,3,5,800,50
300,0,0,8,8,2,3,5,800,50
301,0,0,8,8,2,3,5,800,50
302,0,0,8,8,2,3,5,800,50
303,0,0,8,8,2,3,5,800,50
304,0,0,8,8,2,3,5,800,50
305,0,0,8,8,2,3,5,800,50
306,0,0,8,8,2,3,5,800,50
307,0,0,8,8,2,3,5,800,50
308,0,0,8,8,2,3,5,800,50
309,0,0,8,8,2,3,5,800,50
310,0,45,8,8,2,3,5,800,50
311,0,51,8,8,2,3,5,800,50
312,0,34,8,8,2,3,5,800,50
313,0,14,8,8,2,3,5,800,50
314,0,19,8,8,2,3,5,800,50
315,0,33,8,8,2,3,5,800,50
316,0,21,8,8,2,3,5,800,50
317,0,148,8,8,2,3,5,800,50
318,0,39,8,8,2,3,5,800,50
319,0,0,8,8,2,3,5,800,50
320,0,0,8,8,2,3,5,800,50
321,0,0,8,8,2,3,5,800,50
322,0,0,8,8,2,3,5,800,50
323,0,0,8,8,2,3,5,800,50
324,0,0,8,8,2,3,5,800,50
325,0,0,8,8,2,3,5,800,50
326,0,0,8,8,2,3,5,800,50
327,0,0,8,8,2,3,5,800,50
328,0,0,8,8,2,3,5,800,50
329,0,0,8,8,2,3,5,800,50
330,0,0,8,8,2,3,5,800,50
331,0,0,8,8,2,3,5,800,50
332,0,0,8,8,2,3,5,800,50
333,0,0,8,8,2,3,5,800,50
334,0,0,8,8,2,3,5,800,50
335,0,0,8,8,2,3,5,800,50
336,0,0,8,8,2,3,5,800,50
337,0,0,8,8,2,3,5,800,50
338,0,0,8,8,2,3,5,800,50
339,0,0,8,8,2,3,5,800,50
340,0,52,8,8,2,3,5,800,50
341,0,52,8,8,2,3,5,800,50
342,0,45,8,8,2,3,5,800,50
343,0,13,8,8,2,3,5,800,50
344,0,18,8,8,2,3,5,800,50
345,0,32,8,8,2,3,5,800,50
346,0,19,8,8,2,3,5,800,50
347,0,25,8,8,2,3,5,800,50
348,0,171,8,8,2,3,5,800,50
349,0,0,8,8,2,3,5,800,50
350,0,0,8,8,2,3,5,800,50
351,0,0,8,8,2,3,5,800,50
352,0,0,8,8,2,3,5,800,50
353,0,0,8,8,2,3,5,800,50
354,0,0,8,8,2,3,5,800,50
355,0,0,8,8,2,3,5,800,50
356,0,0,8,8,2,3,5,800,50
357,0,0,8,8,2,3,5,800,50
358,0,0,8,8,2,3,5,800,50
359,0,0,8,8,2,3,5,800,50
360,0,0,8,8,2,3,5,800,50
361,0,0,8,8,2,3,5,800,50
362,0,0,8,8,2,3,5,800,50
363,0,0,8,8,2,3,5,800,50
364,0,0,8,8,2,3,5,800,50
365,0,0,8,8,2,3,5,800,50
366,0,0,8,8,2,3,5,800,50
367,0,0,8,8,2,3,5,800,50
368,0,0,8,8,2,3,5,800,50
369,0,0,8,8,2,3,5,800,50
370,0,47,8,8,2,3,5,800,50
371,0,55,8,8,2,3,5,800,50
372,0,36,8,8,2,3,5,800,50
373,0,14,8,8,2,3,5,800,50
374,0,19,8,8,2,3,5,800,50
375,0,31,8,8,2,3,5,800,50
376,0,21,8,8,2,3,5,800,50
377,0,25,8,8,2,3,5,800,50
378,0,166,8,8,2,3,5,800,50
379,0,0,8,8,2,3,5,800,50
380,0,0,8,8,2,3,5,800,50
381,0,0,8,8,2,3,5,800,50
382,0,0,8,8,2,3,5,800,50
383,0,0,8,8,2,3,5,800,50
384,0,0,8,8,2,3,5,800,50
385,0,0,8,8,2,3,5,800,50
386,0,0,8,8,2,3,5,800,50
387,0,0,8,8,2,3,5,800,50
388,0,0,8,8,2,3,5,800,50
389,0,0,8,8,2,3,5,800,50
390,0,0,8,8,2,3,5,800,50
391,0,0,8,8,2,3,5,800,50
392,0,0,8,8,2,3,5,800,50
393,0,0,8,8,2,3,5,800,50
394,0,0,8,8,2,3,5,800,50
395,0,0,8,8,2,3,5,800,50
396,0,0,8,8,2,3,5,800,50
397,0,0,8,8,2,3,5,800,50
398,0,0,8,8,2,3,5,800,50
399,0,0,8,8,2,3,5,800,50
400,0,39,8,8,2,3,5,800,50
401,0,65,8,8,2,3,5,800,50
402,0,43,8,8,2,3,5,800,50
403,0,13,8,8,2,3,5,800,50
404,0,17,8,8,2,3,5,800,50
405,0,33,8,8,2,3,5,800,50
406,0,24,8,8,2,3,5,800,50
407,0,28,8,8,2,3,5,800,50
408,0,153,8,8,2,3,5,800,50
409,0,19,8,8,2,3,5,800,50
410,0,0,8,8,2,3,5,800,50
411,0,0,8,8,2,3,5,800,50
412,0,0,8,8,2,3,5,800,50
413,0,0,8,8,2,3,5,800,50
414,0,0,8,8,2,3,5,800,50
415,0,0,8,8,2,3,5,800,50
416,0,0,8,8,2,3,5,800,50
417,0,0,8,8,2,3,5,800,50
418,0,0,8,8,2,3,5,800,50
419,0,0,8,8,2,3,5,800,50
420,0,0,8,8,2,3,5,800,50
421,0,0,8,8,2,3,5,800,50
422,0,0,8,8,2,3,5,800,50
423,0,0,8,8,2,3,5,800,50
424,0,0,8,8,2,3,5,800,50
425,0,0,8,8,2,3,5,800,50
426,0,0,8,8,2,3,5,800,50
427,0,0,8,8,2,3,5,800,50
428,0,0,8,8,2,3,5,800,50
429,0,0,8,8,2,3,5,800,50
430,0,28,8,8,2,3,5,800,50
431,0,63,8,8,2,3,5,800,50
432,0,44,8,8,2,3,5,800,50
433,0,12,8,8,2,3,5,800,50
434,0,19,8,8,2,3,5,800,50
435,0,26,8,8,2,3,5,800,50
436,0,20,8,8,2,3,5,800,50
437,0,25,8,8,2,3,5,800,50
438,0,28,8,8,2,3,5,800,50
439,0,142,8,8,2,3,5,800,50
440,0,0,8,8,2,3,5,800,50
441,0,0,8,8,2,3,5,800,50
442,0,0,8,8,2,3,5,800,50
443,0,0,8,8,2,3,5,800,50
444,0,0,8,8,2,3,5,800,50
445,0,0,8,8,2,3,5,800,50
446,0,0,8,8,2,3,5,800,50
447,0,0,8,8,2,3,5,800,50
448,0,0,8,8,2,3,5,800,50
449,0,0,8,8,2,3,5,800,50
450,0,0,8,8,2,3,5,800,50
451,0,0,8,8,2,3,5,800,50
452,0,0,8,8,2,3,5,800,50
453,0,0,8,8,2,3,5,800,50
454,0,0,8,8,2,3,5,800,50
455,0,0,8,8,2,3,5,800,50
456,0,0,8,8,2,3,5,800,50
457,0,0,8,8,2,3,5,800,50
458,0,0,8,8,2,3,5,800,50
459,0,0,8,8,2,3,5,800,50
460,0,29,8,8,2,3,5,800,50
461,0,66,8,8,2,3,5,800,50
462,0,38,8,8,2,3,5,800,50
463,0,13,8,8,2,3,5,800,50
464,0,18,8,8,2,3,5,800,50
465,0,28,8,8,2,3,5,800,50
466,0,21,8,8,2,3,5,800,50
467,0,27,8,8,2,3,5,800,50
468,0,28,8,8,2,3,5,800,50
469,0,166,8,8,2,3,5,800,50
470,0,0,8,8,2,3,5,800,50
471,0,0,8,8,2,3,5,800,50
472,0,0,8,8,2,3,5,800,50
473,0,0,8,8,2,3,5,800,50
474,0,0,8,8,2,3,5,800,50
475,0,0,8,8,2,3,5,800,50
476,0,0,8,8,2,3,5,800,50
477,0,0,8,8,2,3,5,800,50
478,0,0,8,8,2,3,5,800,50
479,0,0,8,8,2,3,5,800,50
480,0,0,8,8,2,3,5,800,50
481,0,0,8,8,2,3,5,800,50
482,0,0,8,8,2,3,5,800,50
483,0,0,8,8,2,3,5,800,50
484,0,0,8,8,2,3,5,800,50
485,0,0,8,8,2,3,5,800,50
486,0,0,8,8,2,3,5,800,50
487,0,0,8,8,2,3,5,800,50
488,0,0,8,8,2,3,5,800,50
489,0,0,8,8,2,3,5,800,50
490,0,28,8,8,2,3,5,800,50
491,0,70,8,8,2,3,5,800,50
492,0,43,8,8,2,3,5,800,50
493,0,13,8,8,2,3,5,800,50
494,0,20,8,8,2,3,5,800,50
495,0,26,8,8,2,3,5,800,50
496,0,21,8,8,2,3,5,800,50
497,0,27,8,8,2,3,5,800,50
498,0,29,8,8,2,3,5,800,50
499,0,147,8,8,2,3,5,800,50
500,0,0,8,8,2,3,5,800,50
501,0,0,8,8,2,3,5,800,50
502,0,0,8,8,2,3,5,800,50
503,0,0,8,8,2,3,5,800,50
504,0,0,8,8,2,3,5,800,50
505,0,0,8,8,2,3,5,800,50
506,0,0,8,8,2,3,5,800,50
507,0,0,8,8,2,3,5,800,50
508,0,0,8,8,2,3,5,800,50
509,0,0,8,8,2,3,5,800,50
510,0,0,8,8,2,3,5,800,50
511,0,0,8,8,2,3,5,800,50
512,0,0,8,8,2,3,5,800,50
513,0,0,8,8,2,3,5,800,50
514,0,0,8,8,2,3,5,800,50
515,0,0,8,8,2,3,5,800,50
516,0,0,8,8,2,3,5,800,50
517,0,0,8,8,2,3,5,800,50
518,0,0,8,8,2,3,5,800,50
519,0,0,8,8,2,3,5,800,50
520,0,29,8,8,2,3,5,800,50
521,0,74,8,8,2,3,5,800,50
522,0,43,8,8,2,3,5,800,50
523,0,12,8,8,2,3,5,800,50
524,0,19,8,8,2,3,5,800,50
525,0,25,8,8,2,3,5,800,50
526,0,19,8,8,2,3,5,800,50
527,0,26,8,8,2,3,5,800,50
528,0,31,8,8,2,3,5,800,50
529,0,31,8,8,2,3,5,800,50
530,0,119,8,8,2,3,5,800,50
531,0,0,8,8,2,3,5,800,50
532,0,0,8,8,2,3,5,800,50
533,0,0,8,8,2,3,5,800,50
534,0,0,8,8,2,3,5,800,50
535,0,0,8,8,2,3,5,800,50
536,0,0,8,8,2,3,5,800,50
537,0,0,8,8,2,3,5,800,50
538,0,0,8,8,2,3,5,800,50
539,0,0,8,8,2,3,5,800,50
540,0,0,8,8,2,3,5,800,50
541,0,0,8,8,2,3,5,800,50
542,0,0,8,8,2,3,5,800,50
543,0,0,8,8,2,3,5,800,50
544,0,0,8,8,2,3,5,800,50
545,0,0,8,8,2,3,5,800,50
546,0,0,8,8,2,3,5,800,50
547,0,0,8,8,2,3,5,800,50
548,0,0,8,8,2,3,5,800,50
549,0,0,8,8,2,3,5,800,50
550,0,29,8,8,2,3,5,800,50
551,0,67,8,8,2,3,5,800,50
552,0,42,8,8,2,3,5,800,50
553,0,13,8,8,2,3,5,800,50
554,0,16,8,8,2,3,5,800,50
555,0,25,8,8,2,3,5,800,50
556,0,18,8,8,2,3,5,800,50
557,0,24,8,8,2,3,5,800,50
558,0,29,8,8,2,3,5,800,50
559,0,31,8,8,2,3,5,800,50
560,0,117,8,8,2,3,5,800,50
561,0,0,8,8,2,3,5,800,50
562,0,0,8,8,2,3,5,800,50
563,0,0,8,8,2,3,5,800,50
564,0,0,8,8,2,3,5,800,50
565,0,0,8,8,2,3,5,800,50
566,0,0,8,8,2,3,5,800,50
567,0,0,8,8,2,3,5,800,50
568,0,0,8,8,2,3,5,800,50
569,0,0,8,8,2,3,5,800,50
570,0,0,8,8,2,3,5,800,50
571,0,0,8,8,2,3,5,800,50
572,0,0,8,8,2,3,5,800,50
573,0,0,8,8,2,3,5,800,50
574,0,0,8,8,2,3,5,800,50
575,0,0,8,8,2,3,5,800,50
576,0,0,8,8,2,3,5,800,50
577,0,0,8,8,2,3,5,800,50
578,0,0,8,8,2,3,5,800,50
579,0,0,8,8,2,3,5,800,50
580,0,23,8,8,2,3,5,800,50
581,0,72,8,8,2,3,5,800,50
582,0,48,8,8,2,3,5,800,50
583,0,13,8,8,2,3,5,800,50
584,0,18,8,8,2,3,5,800,50
585,0,24,8,8,2,3,5,800,50
586,0,18,8,8,2,3,5,800,50
587,0,25,8,8,2,3,5,800,50
588,0,29,8,8,2,3,5,800,50
589,0,33,8,8,2,3,5,800,50
590,0,120,8,8,2,3,5,800,50
591,0,0,8,8,2,3,5,800,50
592,0,0,8,8,2,3,5,800,50
593,0,0,8,8,2,3,5,800,50
594,0,0,8,8,2,3,5,800,50
595,0,0,8,8,2,3,5,800,50
596,0,0,8,8,2,3,5,800,50
597,0,0,8,8,2,3,5,800,50
598,0,0,8,8,2,3,5,800,50
599,0,0,8,8,2,3,5,800,50
600,0,0,8,8,2,3,5,800,50
601,0,0,8,8,2,3,5,800,50
602,0,0,8,8,2,3,5,800,50
603,0,0,8,8,2,3,5,800,50
604,0,0,8,8,2,3,5,800,50
605,0,0,8,8,2,3,5,800,50
606,0,0,8,8,2,3,5,800,50
607,0,0,8,8,2,3,5,800,50
608,0,0,8,8,2,3,5,800,50
609,0,0,8,8,2,3,5,800,50
610,0,21,8,8,2,3,5,800,50
611,0,77,8,8,2,3,5,800,50
612,0,51,8,8,2,3,5,800,50
613,0,14,8,8,2,3,5,800,50
614,0,18,8,8,2,3,5,800,50
615,0,22,8,8,2,3,5,800,50
616,0,21,8,8,2,3,5,800,50
617,0,24,8,8,2,3,5,800,50
618,0,28,8,8,2,3,5,800,50
619,0,33,8,8,2,3,5,800,50
620,0,123,8,8,2,3,5,800,50
621,0,0,8,8,2,3,5,800,50
622,0,0,8,8,2,3,5,800,50
623,0,0,8,8,2,3,5,800,50
624,0,0,8,8,2,3,5,800,50
625,0,0,8,8,2,3,5,800,50
626,0,0,8,8,2,3,5,800,50
627,0,0,8,8,2,3,5,800,50
628,0,0,8,8,2,3,5,800,50
629,0,0,8,8,2,3,5,800,50
630,0,0,8,8,2,3,5,800,50
631,0,0,8,8,2,3,5,800,50
632,0,0,8,8,2,3,5,800,50
633,0,0,8,8,2,3,5,800,50
634,0,0,8,8,2,3,5,800,50
635,0,0,8,8,2,3,5,800,50
636,0,0,8,8,2,3,5,800,50
637,0,0,8,8,2,3,5,800,50
638,0,0,8,8,2,3,5,800,50
639,0,0,8,8,2,3,5,800,50
640,0,27,8,8,2,3,5,800,50
641,0,71,8,8,2,3,5,800,50
642,0,48,8,8,2,3,5,800,50
643,0,12,8,8,2,3,5,800,50
644,0,20,8,8,2,3,5,800,50
645,0,26,8,8,2,3,5,800,50
646,0,20,8,8,2,3,5,800,50
647,0,25,8,8,2,3,5,800,50
648,0,30,8,8,2,3,5,800,50
649,0,33,8,8,2,3,5,800,50
650,0,51,8,8,2,3,5,800,50
651,0,79,8,8,2,3,5,800,50
652,0,0,8,8,2,3,5,800,50
653,0,0,8,8,2,3,5,800,50
654,0,0,8,8,2,3,5,800,50
655,0,0,8,8,2,3,5,800,50
656,0,0,8,8,2,3,5,800,50
657,0,0,8,8,2,3,5,800,50
658,0,0,8,8,2,3,5,800,50
659,0,0,8,8,2,3,5,800,50
660,0,0,8,8,2,3,5,800,50
661,0,0,8,8,2,3,5,800,50
662,0,0,8,8,2,3,5,800,50
663,0,0,8,8,2,3,5,800,50
664,0,0,8,8,2,3,5,800,50
665,0,0,8,8,2,3,5,800,50
666,0,0,8,8,2,3,5,800,50
667,0,0,8,8,2,3,5,800,50
668,0,0,8,8,2,3,5,800,50
669,0,0,8,8,2,3,5,800,50
670,0,17,8,8,2,3,5,800,50
671,0,78,8,8,2,3,5,800,50
672,0,49,8,8,2,3,5,800,50
673,0,12,8,8,2,3,5,800,50
674,0,16,8,8,2,3,5,800,50
675,0,24,8,8,2,3,5,800,50
676,0,20,8,8,2,3,5,800,50
677,0,24,8,8,2,3,5,800,50
678,0,29,8,8,2,3,5,800,50
679,0,29,8,8,2,3,5,800,50
680,0,39,8,8,2,3,5,800,50
681,0,87,8,8,2,3,5,800,50
682,0,0,8,8,2,3,5,800,50
683,0,0,8,8,2,3,5,800,50
684,0,0,8,8,2,3,5,800,50
685,0,0,8,8,2,3,5,800,50
686,0,0,8,8,2,3,5,800,50
687,0,0,8,8,2,3,5,800,50
688,0,0,8,8,2,3,5,800,50
689,0,0,8,8,2,3,5,800,50
690,0,0,8,8,2,3,5,800,50
691,0,0,8,8,2,3,5,800,50
692,0,0,8,8,2,3,5,800,50
693,0,0,8,8,2,3,5,800,50
694,0,0,8,8,2,3,5,800,50
695,0,0,8,8,2,3,5,800,50
696,0,0,8,8,2,3,5,800,50
697,0,0,8,8,2,3,5,800,50
698,0,0,8,8,2,3,5,800,50
699,0,0,8,8,2,3,5,800,50
700,0,18,8,8,2,3,5,800,50
701,0,66,8,8,2,3,5,800,50
702,0,59,8,8,2,3,5,800,50
703,0,13,8,8,2,3,5,800,50
704,0,17,8,8,2,3,5,800,50
705,0,22,8,8,2,3,5,800,50
706,0,21,8,8,2,3,5,800,50
707,0,22,8,8,2,3,5,800,50
708,0,28,8,8,2,3,5,800,50
709,0,31,8,8,2,3,5,800,50
710,0,37,8,8,2,3,5,800,50
711,0,90,8,8,2,3,5,800,50
712,0,0,8,8,2,3,5,800,50
713,0,0,8,8,2,3,5,800,50
714,0,0,8,8,2,3,5,800,50
715,0,0,8,8,2,3,5,800,50
716,0,0,8,8,2,3,5,800,50
717,0,0,8,8,2,3,5,800,50
718,0,0,8,8,2,3,5,800,50
719,0,0,8,8,2,3,5,800,50
720,0,0,8,8,2,3,5,800,50
721,0,0,8,8,2,3,5,800,50
722,0,0,8,8,2,3,5,800,50
723,0,0,8,8,2,3,5,800,50
724,0,0,8,8,2,3,5,800,50
725,0,0,8,8,2,3,5,800,50
726,0,0,8,8,2,3,5,800,50
727,0,0,8,8,2,3,5,800,50
728,0,0,8,8,2,3,5,800,50
729,0,0,8,8,2,3,5,800,50
730,0,16,8,8,2,3,5,800,50
731,0,65,8,8,2,3,5,800,50
732,0,56,8,8,2,3,5,800,50
733,0,12,8,8,2,3,5,800,50
734,0,16,8,8,2,3,5,800,50
735,0,22,8,8,2,3,5,800,50
736,0,20,8,8,2,3,5,800,50
737,0,23,8,8,2,3,5,800,50
738,0,28,8,8,2,3,5,800,50
739,0,29,8,8,2,3,5,800,50
740,0,36,8,8,2,3,5,800,50
741,0,99,8,8,2,3,5,800,50
742,0,0,8,8,2,3,5,800,50
743,0,0,8,8,2,3,5,800,50
744,0,0,8,8,2,3,5,800,50
745,0,0,8,8,2,3,5,800,50
746,0,0,8,8,2,3,5,800,50
747,0,0,8,8,2,3,5,800,50
748,0,0,8,8,2,3,5,800,50
749,0,0,8,8,2,3,5,800,50
750,0,0,8,8,2,3,5,800,50
751,0,0,8,8,2,3,5,800,50
752,0,0,8,8,2,3,5,800,50
753,0,0,8,8,2,3,5,800,50
754,0,0,8,8,2,3,5,800,50
755,0,0,8,8,2,3,5,800,50
756,0,0,8,8,2,3,5,800,50
757,0,0,8,8,2,3,5,800,50
758,0,0,8,8,2,3,5,800,50
759,0,0,8,8,2,3,5,800,50
760,0,18,8,8,2,3,5,800,50
761,0,68,8,8,2,3,5,800,50
762,0,64,8,8,2,3,5,800,50
763,0,12,8,8,2,3,5,800,50
764,0,14,8,8,2,3,5,800,50
765,0,22,8,8,2,3,5,800,50
766,0,21,8,8,2,3,5,800,50
767,0,22,8,8,2,3,5,800,50
768,0,30,8,8,2,3,5,800,50
769,0,31,8,8,2,3,5,800,50
770,0,34,8,8,2,3,5,800,50
771,0,105,8,8,2,3,5,800,50
772,0,0,8,8,2,3,5,800,50
773,0,0,8,8,2,3,5,800,50
774,0,0,8,8,2,3,5,800,50
775,0,0,8,8,2,3,5,800,50
776,0,0,8,8,2,3,5,800,50
777,0,0,8,8,2,3,5,800,50
778,0,0,8,8,2,3,5,800,50
779,0,0,8,8,2,3,5,800,50
780,0,0,8,8,2,3,5,800,50
781,0,0,8,8,2,3,5,800,50
782,0,0,8,8,2,3,5,800,50
783,0,0,8,8,2,3,5,800,50
784,0,0,8,8,2,3,5,800,50
785,0,0,8,8,2,3,5,800,50
786,0,0,8,8,2,3,5,800,50
787,0,0,8,8,2,3,5,800,50
788,0,0,8,8,2,3,5,800,50
789,0,0,8,8,2,3,5,800,50
790,0,11,8,8,2,3,5,800,50
791,0,62,8,8,2,3,5,800,50
792,0,70,8,8,2,3,5,800,50
793,0,12,8,8,2,3,5,800,50
794,0,15,8,8,2,3,5,800,50
795,0,23,8,8,2,3,5,800,50
796,0,22,8,8,2,3,5,800,50
797,0,24,8,8,2,3,5,800,50
798,0,26,8,8,2,3,5,800,50
799,0,27,8,8,2,3,5,800,50
800,0,36,8,8,2,3,5,800,50
801,0,94,8,8,2,3,5,800,50
802,0,0,8,8,2,3,5,800,50
803,0,0,8,8,2,3,5,800,50
804,0,0,8,8,2,3,5,800,50
805,0,0,8,8,2,3,5,800,50
806,0,0,8,8,2,3,5,800,50
807,0,0,8,8,2,3,5,800,50
808,0,0,8,8,2,3,5,800,50
809,0,0,8,8,2,3,5,800,50
810,0,0,8,8,2,3,5,800,50
811,0,0,8,8,2,3,5,800,50
812,0,0,8,8,2,3,5,800,50
813,0,0,8,8,2,3,5,800,50
814,0,0,8,8,2,3,5,800,50
815,0,0,8,8,2,3,5,800,50
816,0,0,8,8,2,3,5,800,50
817,0,0,8,8,2,3,5,800,50
818,0,0,8,8,2,3,5,800,50
819,0,0,8,8,2,3,5,800,50
820,0,11,8,8,2,3,5,800,50
821,0,66,8,8,2,3,5,800,50
822,0,65,8,8,2,3,5,800,50
823,0,13,8,8,2,3,5,800,50
824,0,15,8,8,2,3,5,800,50
825,0,23,8,8,2,3,5,800,50
826,0,25,8,8,2,3,5,800,50
827,0,25,8,8,2,3,5,800,50
828,0,27,8,8,2,3,5,800,50
829,0,30,8,8,2,3,5,800,50
830,0,35,8,8,2,3,5,800,50
831,0,96,8,8,2,3,5,800,50
832,0,1,8,8,2,3,5,800,50
833,0,0,8,8,2,3,5,800,50
834,0,0,8,8,2,3,5,800,50
835,0,0,8,8,2,3,5,800,50
836,0,0,8,8,2,3,5,800,50
837,0,0,8,8,2,3,5,800,50
838,0,0,8,8,2,3,5,800,50
839,0,0,8,8,2,3,5,800,50
840,0,0,8,8,2,3,5,800,50
841,0,0,8,8,2,3,5,800,50
842,0,0,8,8,2,3,5,800,50
843,0,0,8,8,2,3,5,800,50
844,0,0,8,8,2,3,5,800,50
845,0,0,8,8,2,3,5,800,50
846,0,0,8,8,2,3,5,800,50
847,0,0,8,8,2,3,5,800,50
848,0,0,8,8,2,3,5,800,50
849,0,0,8,8,2,3,5,800,50
850,0,8,8,8,2,3,5,800,50
851,0,61,8,8,2,3,5,800,50
852,0,66,8,8,2,3,5,800,50
853,0,13,8,8,2,3,5,800,50
854,0,15,8,8,2,3,5,800,50
855,0,20,8,8,2,3,5,800,50
856,0,22,8,8,2,3,5,800,50
857,0,19,8,8,2,3,5,800,50
858,0,30,8,8,2,3,5,800,50
859,0,27,8,8,2,3,5,800,50
860,0,30,8,8,2,3,5,800,50
861,0,49,8,8,2,3,5,800,50
862,0,48,8,8,2,3,5,800,50
863,0,0,8,8,2,3,5,800,50
864,0,0,8,8,2,3,5,800,50
865,0,0,8,8,2,3,5,800,50
866,0,0,8,8,2,3,5,800,50
867,0,0,8,8,2,3,5,800,50
868,0,0,8,8,2,3,5,800,50
869,0,0,8,8,2,3,5,800,50
870,0,0,8,8,2,3,5,800,50
871,0,0,8,8,2,3,5,800,50
872,0,0,8,8,2,3,5,800,50
873,0,0,8,8,2,3,5,800,50
874,0,0,8,8,2,3,5,800,50
875,0,0,8,8,2,3,5,800,50
876,0,0,8,8,2,3,5,800,50
877,0,0,8,8,2,3,5,800,50
878,0,0,8,8,2,3,5,800,50
879,0,0,8,8,2,3,5,800,50
880,0,11,8,8,2,3,5,800,50
881,0,65,8,8,2,3,5,800,50
882,0,64,8,8,2,3,5,800,50
883,0,15,8,8,2,3,5,800,50
884,0,13,8,8,2,3,5,800,50
885,0,22,8,8,2,3,5,800,50
886,0,22,8,8,2,3,5,800,50
887,0,20,8,8,2,3,5,800,50
888,0,30,8,8,2,3,5,800,50
889,0,30,8,8,2,3,5,800,50
890,0,29,8,8,2,3,5,800,50
891,0,53,8,8,2,3,5,800,50
892,0,45,8,8,2,3,5,800,50
893,0,0,8,8,2,3,5,800,50
894,0,0,8,8,2,3,5,800,50
895,0,0,8,8,2,3,5,800,50
896,0,0,8,8,2,3,5,800,50
897,0,0,8,8,2,3,5,800,50
898,0,0,8,8,2,3,5,800,50
899,0,0,8,8,2,3,5,800,50
900,0,0,8,8,2,3,5,800,50
901,0,0,8,8,2,3,5,800,50
902,0,0,8,8,2,3,5,800,50
903,0,0,8,8,2,3,5,800,50
904,0,0,8,8,2,3,5,800,50
905,0,0,8,8,2,3,5,800,50
906,0,0,8,8,2,3,5,800,50
907,0,0,8,8,2,3,5,800,50
908,0,0,8,8,2,3,5,800,50
909,0,0,8,8,2,3,5,800,50
910,0,8,8,8,2,3,5,800,50
911,0,59,8,8,2,3,5,800,50
912,0,70,8,8,2,3,5,800,50
913,0,13,8,8,2,3,5,800,50
914,0,12,8,8,2,3,5,800,50
915,0,17,8,8,2,3,5,800,50
916,0,25,8,8,2,3,5,800,50
917,0,19,8,8,2,3,5,800,50
918,0,29,8,8,2,3,5,800,50
919,0,33,8,8,2,3,5,800,50
920,0,27,8,8,2,3,5,800,50
921,0,52,8,8,2,3,5,800,50
922,0,56,8,8,2,3,5,800,50
923,0,0,8,8,2,3,5,800,50
924,0,0,8,8,2,3,5,800,50
925,0,0,8,8,2,3,5,800,50
926,0,0,8,8,2,3,5,800,50
927,0,0,8,8,2,3,5,800,50
928,0,0,8,8,2,3,5,800,50
929,0,0,8,8,2,3,5,800,50
930,0,0,8,8,2,3,5,800,50
931,0,0,8,8,2,3,5,800,50
932,0,0,8,8,2,3,5,800,50
933,0,0,8,8,2,3,5,800,50
934,0,0,8,8,2,3,5,800,50
935,0,0,8,8,2,3,5,800,50
936,0,0,8,8,2,3,5,800,50
937,0,0,8,8,2,3,5,800,50
938,0,0,8,8,2,3,5,800,50
939,0,0,8,8,2,3,5,800,50
940,0,8,8,8,2,3,5,800,50
941,0,64,8,8,2,3,5,800,50
942,0,64,8,8,2,3,5,800,50
943,0,13,8,8,2,3,5,800,50
944,0,15,8,8,2,3,5,800,50
945,0,22,8,8,2,3,5,800,50
946,0,18,8,8,2,3,5,800,50
947,0,19,8,8,2,3,5,800,50
948,0,30,8,8,2,3,5,800,50
949,0,30,8,8,2,3,5,800,50
950,0,29,8,8,2,3,5,800,50
951,0,52,8,8,2,3,5,800,50
952,0,54,8,8,2,3,5,800,50
953,0,0,8,8,2,3,5,800,50
954,0,0,8,8,2,3,5,800,50
955,0,0,8,8,2,3,5,800,50
956,0,0,8,8,2,3,5,800,50
957,0,0,8,8,2,3,5,800,50
958,0,0,8,8,2,3,5,800,50
959,0,0,8,8,2,3,5,800,50
960,0,0,8,8,2,3,5,800,50
961,0,0,8,8,2,3,5,800,50
962,0,0,8,8,2,3,5,800,50
963,0,0,8,8,2,3,5,800,50
964,0,0,8,8,2,3,5,800,50
965,0,0,8,8,2,3,5,800,50
966,0,0,8,8,2,3,5,800,50
967,0,0,8,8,2,3,5,800,50
968,0,0,8,8,2,3,5,800,50
969,0,0,8,8,2,3,5,800,50
970,0,7,8,8,2,3,5,800,50
971,0,59,8,8,2,3,5,800,50
972,0,70,8,8,2,3,5,800,50
973,0,12,8,8,2,3,5,800,50
974,0,19,8,8,2,3,5,800,50
975,0,19,8,8,2,3,5,800,50
976,0,17,8,8,2,3,5,800,50
977,0,23,8,8,2,3,5,800,50
978,0,27,8,8,2,3,5,800,50
979,0,29,8,8,2,3,5,800,50
980,0,29,8,8,2,3,5,800,50
981,0,49,8,8,2,3,5,800,50
982,0,49,8,8,2,3,5,800,50
983,0,0,8,8,2,3,5,800,50
984,0,0,8,8,2,3,5,800,50
985,0,0,8,8,2,3,5,800,50
986,0,0,8,8,2,3,5,800,50
987,0,0,8,8,2,3,5,800,50
988,0,0,8,8,2,3,5,800,50
989,0,0,8,8,2,3,5,800,50
990,0,0,8,8,2,3,5,800,50
991,0,0,8,8,2,3,5,800,50
992,0,0,8,8,2,3,5,800,50
993,0,0,8,8,2,3,5,800,50
994,0,0,8,8,2,3,5,800,50
995,0,0,8,8,2,3,5,800,50
996,0,0,8,8,2,3,5,800,50
997,0,0,8,8,2,3,5,800,50
998,0,0,8,8,2,3,5,800,50
999,0,0,8,8,2,3,5,800,50
1000,0,7,8,8,2,3,5,800,50
1001,0,68,8,8,2,3,5,800,50
1002,0,63,8,8,2,3,5,800,50
1003,0,12,8,8,2,3,5,800,50
1004,0,18,8,8,2,3,5,800,50
1005,0,23,8,8,2,3,5,800,50
1006,0,16,8,8,2,3,5,800,50
1007,0,20,8,8,2,3,5,800,50
1008,0,28,8,8,2,3,5,800,50
1009,0,30,8,8,2,3,5,800,50
1010,0,34,8,8,2,3,5,800,50
1011,0,52,8,8,2,3,5,800,50
1012,0,51,8,8,2,3,5,800,50
1013,0,0,8,8,2,3,5,800,50
1014,0,0,8,8,2,3,5,800,50
1015,0,0,8,8,2,3,5,800,50
1016,0,0,8,8,2,3,5,800,50
1017,0,0,8,8,2,3,5,800,50
1018,0,0,8,8,2,3,5,800,50
1019,0,0,8,8,2,3,5,800,50
1020,0,0,8,8,2,3,5,800,50
1021,0,0,8,8,2,3,5,800,50
1022,0,0,8,8,2,3,5,800,50
1023,0,0,8,8,2,3,5,800,50
1024,0,0,8,8,2,3,5,800,50
1025,0,0,8,8,2,3,5,800,50
1026,0,0,8,8,2,3,5,800,50
1027,0,0,8,8,2,3,5,800,50
1028,0,0,8,8,2,3,5,800,50
1029,0,0,8,8,2,3,5,800,50
1030,0,8,8,8,2,3,5,800,50
1031,0,66,8,8,2,3,5,800,50
1032,0,76,8,8,2,3,5,800,50
1033,0,13,8,8,2,3,5,800,50
1034,0,16,8,8,2,3,5,800,50
1035,0,23,8,8,2,3,5,800,50
1036,0,17,8,8,2,3,5,800,50
1037,0,21,8,8,2,3,5,800,50
1038,0,28,8,8,2,3,5,800,50
1039,0,27,8,8,2,3,5,800,50
1040,0,27,8,8,2,3,5,800,50
1041,0,49,8,8,2,3,5,800,50
1042,0,61,8,8,2,3,5,800,50
1043,0,0,8,8,2,3,5,800,50
1044,0,0,8,8,2,3,5,800,50
1045,0,0,8,8,2,3,5,800,50
1046,0,0,8,8,2,3,5,800,50
1047,0,0,8,8,2,3,5,800,50
1048,0,0,8,8,2,3,5,800,50
1049,0,0,8,8,2,3,5,800,50
1050,0,0,8,8,2,3,5,800,50
1051,0,0,8,8,2,3,5,800,50
1052,0,0,8,8,2,3,5,800,50
1053,0,0,8,8,2,3,5,800,50
1054,0,0,8,8,2,3,5,800,50
1055,0,0,8,8,2,3,5,800,50
1056,0,0,8,8,2,3,5,800,50
1057,0,0,8,8,2,3,5,800,50
1058,0,0,8,8,2,3,5,800,50
1059,0,0,8,8,2,3,5,800,50
1060,0,6,8,8,2,3,5,800,50
1061,0,76,8,8,2,3,5,800,50
1062,0,71,8,8,2,3,5,800,50
1063,0,14,8,8,2,3,5,800,50
1064,0,17,8,8,2,3,5,800,50
1065,0,20,8,8,2,3,5,800,50
1066,0,17,8,8,2,3,5,800,50
1067,0,20,8,8,2,3,5,800,50
1068,0,30,8,8,2,3,5,800,50
1069,0,24,8,8,2,3,5,800,50
1070,0,33,8,8,2,3,5,800,50
1071,0,51,8,8,2,3,5,800,50
1072,0,51,8,8,2,3,5,800,50
1073,0,0,8,8,2,3,5,800,50
1074,0,0,8,8,2,3,5,800,50
1075,0,0,8,8,2,3,5,800,50
1076,0,0,8,8,2,3,5,800,50
1077,0,0,8,8,2,3,5,800,50
1078,0,0,8,8,2,3,5,800,50
1079,0,0,8,8,2,3,5,800,50
1080,0,0,8,8,2,3,5,800,50
1081,0,0,8,8,2,3,5,800,50
1082,0,0,8,8,2,3,5,800,50
1083,0,0,8,8,2,3,5,800,50
1084,0,0,8,8,2,3,5,800,50
1085,0,0,8,8,2,3,5,800,50
1086,0,0,8,8,2,3,5,800,50
1087,0,0,8,8,2,3,5,800,50
1088,0,0,8,8,2,3,5,800,50
1089,0,0,8,8,2,3,5,800,50
1090,0,8,8,8,2,3,5,800,50
1091,0,65,8,8,2,3,5,800,50
1092,0,62,8,8,2,3,5,800,50
1093,0,19,8,8,2,3,5,800,50
1094,0,16,8,8,2,3,5,800,50
1095,0,22,8,8,2,3,5,800,50
1096,0,14,8,8,2,3,5,800,50
1097,0,20,8,8,2,3,5,800,50
1098,0,29,8,8,2,3,5,800,50
1099,0,25,8,8,2,3,5,800,50
1100,0,38,8,8,2,3,5,800,50
1101,0,49,8,8,2,3,5,800,50
1102,0,62,8,8,2,3,5,800,50
1103,0,0,8,8,2,3,5,800,50
1104,0,0,8,8,2,3,5,800,50
1105,0,0,8,8,2,3,5,800,50
1106,0,0,8,8,2,3,5,800,50
1107,0,0,8,8,2,3,5,800,50
1108,0,0,8,8,2,3,5,800,50
1109,0,0,8,8,2,3,5,800,50
1110,0,0,8,8,2,3,5,800,50
1111,0,0,8,8,2,3,5,800,50
1112,0,0,8,8,2,3,5,800,50
1113,0,0,8,8,2,3,5,800,50
1114,0,0,8,8,2,3,5,800,50
1115,0,0,8,8,2,3,5,800,50
1116,0,0,8,8,2,3,5,800,50
1117,0,0,8,8,2,3,5,800,50
1118,0,0,8,8,2,3,5,800,50
1119,0,0,8,8,2,3,5,800,50
1120,0,5,8,8,2,3,5,800,50
1121,0,70,8,8,2,3,5,800,50
1122,0,55,8,8,2,3,5,800,50
1123,0,18,8,8,2,3,5,800,50
1124,0,17,8,8,2,3,5,800,50
1125,0,22,8,8,2,3,5,800,50
1126,0,15,8,8,2,3,5,800,50
1127,0,20,8,8,2,3,5,800,50
1128,0,27,8,8,2,3,5,800,50
1129,0,26,8,8,2,3,5,800,50
1130,0,35,8,8,2,3,5,800,50
1131,0,54,8,8,2,3,5,800,50
1132,0,68,8,8,2,3,5,800,50
1133,0,0,8,8,2,3,5,800,50
1134,0,0,8,8,2,3,5,800,50
1135,0,0,8,8,2,3,5,800,50
1136,0,0,8,8,2,3,5,800,50
1137,0,0,8,8,2,3,5,800,50
1138,0,0,8,8,2,3,5,800,50
1139,0,0,8,8,2,3,5,800,50
1140,0,0,8,8,2,3,5,800,50
1141,0,0,8,8,2,3,5,800,50
1142,0,0,8,8,2,3,5,800,50
1143,0,0,8,8,2,3,5,800,50
1144,0,0,8,8,2,3,5,800,50
1145,0,0,8,8,2,3,5,800,50
1146,0,0,8,8,2,3,5,800,50
1147,0,0,8,8,2,3,5,800,50
1148,0,0,8,8,2,3,5,800,50
1149,0,0,8,8,2,3,5,800,50
1150,0,4,8,8,2,3,5,800,50
1151,0,61,8,8,2,3,5,800,50
1152,0,62,8,8,2,3,5,800,50
1153,0,20,8,8,2,3,5,800,50
1154,0,12,8,8,2,3,5,800,50
1155,0,25,8,8,2,3,5,800,50
1156,0,17,8,8,2,3,5,800,50
1157,0,19,8,8,2,3,5,800,50
1158,0,26,8,8,2,3,5,800,50
1159,0,28,8,8,2,3,5,800,50
1160,0,32,8,8,2,3,5,800,50
1161,0,49,8,8,2,3,5,800,50
1162,0,59,8,8,2,3,5,800,50
1163,0,0,8,8,2,3,5,800,50
1164,0,0,8,8,2,3,5,800,50
1165,0,0,8,8,2,3,5,800,50
1166,0,0,8,8,2,3,5,800,50
1167,0,0,8,8,2,3,5,800,50
1168,0,0,8,8,2,3,5,800,50
1169,0,0,8,8,2,3,5,800,50
1170,0,0,8,8,2,3,5,800,50
1171,0,0,8,8,2,3,5,800,50
1172,0,0,8,8,2,3,5,800,50
1173,0,0,8,8,2,3,5,800,50
1174,0,0,8,8,2,3,5,800,50
1175,0,0,8,8,2,3,5,800,50
1176,0,0,8,8,2,3,5,800,50
1177,0,0,8,8,2,3,5,800,50
1178,0,0,8,8,2,3,5,800,50
1179,0,0,8,8,2,3,5,800,50
1180,0,4,8,8,2,3,5,800,50
1181,0,71,8,8,2,3,5,800,50
1182,0,63,8,8,2,3,5,800,50
1183,0,20,8,8,2,3,5,800,50
1184,0,12,8,8,2,3,5,800,50
1185,0,23,8,8,2,3,5,800,50
1186,0,16,8,8,2,3,5,800,50
1187,0,23,8,8,2,3,5,800,50
1188,0,24,8,8,2,3,5,800,50
1189,0,27,8,8,2,3,5,800,50
1190,0,30,8,8,2,3,5,800,50
1191,0,51,8,8,2,3,5,800,50
1192,0,56,8,8,2,3,5,800,50
1193,0,0,8,8,2,3,5,800,50
1194,0,0,8,8,2,3,5,800,50
1195,0,0,8,8,2,3,5,800,50
1196,0,0,8,8,2,3,5,800,50
1197,0,0,8,8,2,3,5,800,50
1198,0,0,8,8,2,3,5,800,50
1199,0,0,8,8,2,3,5,800,50
1200,0,0,8,8,2,3,5,800,50
1201,0,0,8,8,2,3,5,800,50
1202,0,0,8,8,2,3,5,800,50
1203,0,0,8,8,2,3,5,800,50
1204,0,0,8,8,2,3,5,800,50
1205,0,0,8,8,2,3,5,800,50
1206,0,0,8,8,2,3,5,800,50
1207,0,0,8,8,2,3,5,800,50
1208,0,0,8,8,2,3,5,800,50
1209,0,0,8,8,2,3,5,800,50
1210,0,3,8,8,2,3,5,800,50
1211,0,60,8,8,2,3,5,800,50
1212,0,52,8,8,2,3,5,800,50
1213,0,39,8,8,2,3,5,800,50
1214,0,11,8,8,2,3,5,800,50
1215,0,21,8,8,2,3,5,800,50
1216,0,16,8,8,2,3,5,800,50
1217,0,22,8,8,2,3,5,800,50
1218,0,23,8,8,2,3,5,800,50
1219,0,27,8,8,2,3,5,800,50
1220,0,30,8,8,2,3,5,800,50
1221,0,55,8,8,2,3,5,800,50
1222,0,45,8,8,2,3,5,800,50
1223,0,9,8,8,2,3,5,800,50
1224,0,0,8,8,2,3,5,800,50
1225,0,0,8,8,2,3,5,800,50
1226,0,0,8,8,2,3,5,800,50
1227,0,0,8,8,2,3,5,800,50
1228,0,0,8,8,2,3,5,800,50
1229,0,0,8,8,2,3,5,800,50
1230,0,0,8,8,2,3,5,800,50
1231,0,0,8,8,2,3,5,800,50
1232,0,0,8,8,2,3,5,800,50
1233,0,0,8,8,2,3,5,800,50
1234,0,0,8,8,2,3,5,800,50
1235,0,0,8,8,2,3,5,800,50
1236,0,0,8,8,2,3,5,800,50
1237,0,0,8,8,2,3,5,800,50
1238,0,0,8,8,2,3,5,800,50
1239,0,0,8,8,2,3,5,800,50
1240,0,2,8,8,2,3,5,800,50
1241,0,58,8,8,2,3,5,800,50
1242,0,54,8,8,2,3,5,800,50
1243,0,45,8,8,2,3,5,800,50
1244,0,13,8,8,2,3,5,800,50
1245,0,24,8,8,2,3,5,800,50
1246,0,12,8,8,2,3,5,800,50
1247,0,24,8,8,2,3,5,800,50
1248,0,26,8,8,2,3,5,800,50
1249,0,24,8,8,2,3,5,800,50
1250,0,31,8,8,2,3,5,800,50
1251,0,55,8,8,2,3,5,800,50
1252,0,46,8,8,2,3,5,800,50
1253,0,15,8,8,2,3,5,800,50
1254,0,0,8,8,2,3,5,800,50
1255,0,0,8,8,2,3,5,800,50
1256,0,0,8,8,2,3,5,800,50
1257,0,0,8,8,2,3,5,800,50
1258,0,0,8,8,2,3,5,800,50
1259,0,0,8,8,2,3,5,800,50
1260,0,0,8,8,2,3,5,800,50
1261,0,0,8,8,2,3,5,800,50
1262,0,0,8,8,2,3,5,800,50
1263,0,0,8,8,2,3,5,800,50
1264,0,0,8,8,2,3,5,800,50
1265,0,0,8,8,2,3,5,800,50
1266,0,0,8,8,2,3,5,800,50
1267,0,0,8,8,2,3,5,800,50
1268,0,0,8,8,2,3,5,800,50
1269,0,0,8,8,2,3,5,800,50
1270,0,1,8,8,2,3,5,800,50
1271,0,53,8,8,2,3,5,800,50
1272,0,52,8,8,2,3,5,800,50
1273,0,48,8,8,2,3,5,800,50
1274,0,13,8,8,2,3,5,800,50
1275,0,21,8,8,2,3,5,800,50
1276,0,12,8,8,2,3,5,800,50
1277,0,21,8,8,2,3,5,800,50
1278,0,26,8,8,2,3,5,800,50
1279,0,26,8,8,2,3,5,800,50
1280,0,32,8,8,2,3,5,800,50
1281,0,52,8,8,2,3,5,800,50
1282,0,43,8,8,2,3,5,800,50
1283,0,18,8,8,2,3,5,800,50
1284,0,0,8,8,2,3,5,800,50
1285,0,0,8,8,2,3,5,800,50
1286,0,0,8,8,2,3,5,800,50
1287,0,0,8,8,2,3,5,800,50
1288,0,0,8,8,2,3,5,800,50
1289,0,0,8,8,2,3,5,800,50
1290,0,0,8,8,2,3,5,800,50
1291,0,0,8,8,2,3,5,800,50
1292,0,0,8,8,2,3,5,800,50
1293,0,0,8,8,2,3,5,800,50
1294,0,0,8,8,2,3,5,800,50
1295,0,0,8,8,2,3,5,800,50
1296,0,0,8,8,2,3,5,800,50
1297,0,0,8,8,2,3,5,800,50
1298,0,0,8,8,2,3,5,800,50
1299,0,0,8,8,2,3,5,800,50
1300,0,0,8,8,2,3,5,800,50
1301,0,53,8,8,2,3,5,800,50
1302,0,55,8,8,2,3,5,800,50
1303,0,51,8,8,2,3,5,800,50
1304,0,9,8,8,2,3,5,800,50
1305,0,23,8,8,2,3,5,800,50
1306,0,12,8,8,2,3,5,800,50
1307,0,21,8,8,2,3,5,800,50
1308,0,28,8,8,2,3,5,800,50
1309,0,23,8,8,2,3,5,800,50
1310,0,36,8,8,2,3,5,800,50
1311,0,54,8,8,2,3,5,800,50
1312,0,45,8,8,2,3,5,800,50
1313,0,19,8,8,2,3,5,800,50
1314,0,0,8,8,2,3,5,800,50
1315,0,0,8,8,2,3,5,800,50
1316,0,0,8,8,2,3,5,800,50
1317,0,0,8,8,2,3,5,800,50
1318,0,0,8,8,2,3,5,800,50
1319,0,0,8,8,2,3,5,800,50
1320,0,0,8,8,2,3,5,800,50
1321,0,0,8,8,2,3,5,800,50
1322,0,0,8,8,2,3,5,800,50
1323,0,0,8,8,2,3,5,800,50
1324,0,0,8,8,2,3,5,800,50
1325,0,0,8,8,2,3,5,800,50
1326,0,0,8,8,2,3,5,800,50
1327,0,0,8,8,2,3,5,800,50
1328,0,0,8,8,2,3,5,800,50
1329,0,0,8,8,2,3,5,800,50
1330,0,0,8,8,2,3,5,800,50
1331,0,56,8,8,2,3,5,800,50
1332,0,45,8,8,2,3,5,800,50
1333,0,51,8,8,2,3,5,800,50
1334,0,10,8,8,2,3,5,800,50
1335,0,22,8,8,2,3,5,800,50
1336,0,13,8,8,2,3,5,800,50
1337,0,21,8,8,2,3,5,800,50
1338,0,29,8,8,2,3,5,800,50
1339,0,21,8,8,2,3,5,800,50
1340,0,28,8,8,2,3,5,800,50
1341,0,51,8,8,2,3,5,800,50
1342,0,40,8,8,2,3,5,800,50
1343,0,21,8,8,2,3,5,800,50
1344,0,0,8,8,2,3,5,800,50
1345,0,0,8,8,2,3,5,800,50
1346,0,0,8,8,2,3,5,800,50
1347,0,0,8,8,2,3,5,800,50
1348,0,0,8,8,2,3,5,800,50
1349,0,0,8,8,2,3,5,800,50
1350,0,0,8,8,2,3,5,800,50
1351,0,0,8,8,2,3,5,800,50
1352,0,0,8,8,2,3,5,800,50
1353,0,0,8,8,2,3,5,800,50
1354,0,0,8,8,2,3,5,800,50
1355,0,0,8,8,2,3,5,800,50
1356,0,0,8,8,2,3,5,800,50
1357,0,0,8,8,2,3,5,800,50
1358,0,0,8,8,2,3,5,800,50
1359,0,0,8,8,2,3,5,800,50
1360,0,0,8,8,2,3,5,800,50
1361,0,53,8,8,2,3,5,800,50
1362,0,49,8,8,2,3,5,800,50
1363,0,45,8,8,2,3,5,800,50
1364,0,10,8,8,2,3,5,800,50
1365,0,18,8,8,2,3,5,800,50
1366,0,20,8,8,2,3,5,800,50
1367,0,22,8,8,2,3,5,800,50
1368,0,26,8,8,2,3,5,800,50
1369,0,25,8,8,2,3,5,800,50
1370,0,8,8,8,2,3,5,800,50
1371,0,0,8,8,2,3,5,800,50
1,299,0,8,8,2,3,5,100,50
2,251,0,8,8,2,3,5,100,50
3,277,0,8,8,2,3,5,100,50
4,232,0,8,8,2,3,5,100,50
5,279,0,8,8,2,3,5,100,50
6,245,0,8,8,2,3,5,100,50
7,240,0,8,8,2,3,5,100,50
8,230,0,8,8,2,3,5,100,50
9,259,0,8,8,2,3,5,100,50
10,289,0,8,8,2,3,5,100,50
11,242,0,8,8,2,3,5,100,50
12,315,0,8,8,2,3,5,100,50
13,219,0,8,8,2,3,5,100,50
14,282,0,8,8,2,3,5,100,50
15,248,0,8,8,2,3,5,100,50
16,205,0,8,8,2,3,5,100,50
17,0,0,8,8,2,3,5,100,50
1,272,0,8,8,2,3,5,100,70
2,299,0,8,8,2,3,5,100,70
3,263,0,8,8,2,3,5,100,70
4,255,0,8,8,2,3,5,100,70
5,298,0,8,8,2,3,5,100,70
6,316,0,8,8,2,3,5,100,70
7,273,0,8,8,2,3,5,100,70
8,284,0,8,8,2,3,5,100,70
9,276,0,8,8,2,3,5,100,70
10,297,0,8,8,2,3,5,100,70
11,307,0,8,8,2,3,5,100,70
12,268,0,8,8,2,3,5,100,70
13,253,0,8,8,2,3,5,100,70
14,299,0,8,8,2,3,5,100,70
15,264,0,8,8,2,3,5,100,70
16,237,0,8,8,2,3,5,100,70
17,292,0,8,8,2,3,5,100,70
18,278,0,8,8,2,3,5,100,70
19,292,0,8,8,2,3,5,100,70
20,313,0,8,8,2,3,5,100,70
21,71,0,8,8,2,3,5,100,70
22,0,0,8,8,2,3,5,100,70
1,426,0,8,8,2,3,5,200,30
2,234,0,8,8,2,3,5,200,30
3,244,2,8,8,2,3,5,200,30
4,276,27,8,8,2,3,5,200,30
5,287,0,8,8,2,3,5,200,30
6,242,0,8,8,2,3,5,200,30
7,278,0,8,8,2,3,5,200,30
8,332,0,8,8,2,3,5,200,30
9,236,0,8,8,2,3,5,200,30
10,363,12,8,8,2,3,5,200,30
11,271,2,8,8,2,3,5,200,30
12,206,0,8,8,2,3,5,200,30
13,327,0,8,8,2,3,5,200,30
14,283,0,8,8,2,3,5,200,30
15,312,5,8,8,2,3,5,200,30
16,200,16,8,8,2,3,5,200,30
17,278,0,8,8,2,3,5,200,30
18,60,0,8,8,2,3,5,200,30
19,0,0,8,8,2,3,5,200,30
1,451,0,8,8,2,3,5,400,40
2,406,16,8,8,2,3,5,400,40
3,193,0,8,8,2,3,5,400,40
4,336,0,8,8,2,3,5,400,40
5,260,0,8,8,2,3,5,400,40
6,235,23,8,8,2,3,5,400,40
7,270,0,8,8,2,3,5,400,40
8,282,0,8,8,2,3,5,400,40
9,369,0,8,8,2,3,5,400,40
10,247,0,8,8,2,3,5,400,40
11,322,0,8,8,2,3,5,400,40
12,259,0,8,8,2,3,5,400,40
13,202,0,8,8,2,3,5,400,40
14,303,0,8,8,2,3,5,400,40
15,207,0,8,8,2,3,5,400,40
16,305,8,8,8,2,3,5,400,40
17,240,0,8,8,2,3,5,400,40
18,277,28,8,8,2,3,5,400,40
19,101,36,8,8,2,3,5,400,40
20,0,0,8,8,2,3,5,400,40
21,105,14,8,8,2,3,5,400,40
22,329,0,8,8,2,3,5,400,40
23,424,0,8,8,2,3,5,400,40
24,222,0,8,8,2,3,5,400,40
25,115,105,8,8,2,3,5,400,40
26,0,0,8,8,2,3,5,400,40
27,0,0,8,8,2,3,5,400,40
28,0,0,8,8,2,3,5,400,40
29,0,0,8,8,2,3,5,400,40
30,0,0,8,8,2,3,5,400,40
31,0,0,8,8,2,3,5,400,40
32,0,0,8,8,2,3,5,400,40
33,0,0,8,8,2,3,5,400,40
34,0,0,8,8,2,3,5,400,40
35,0,0,8,8,2,3,5,400,40
36,0,0,8,8,2,3,5,400,40
37,0,0,8,8,2,3,5,400,40
38,0,0,8,8,2,3,5,400,40
39,0,0,8,8,2,3,5,400,40
40,0,0,8,8,2,3,5,400,40
41,0,0,8,8,2,3,5,400,40
42,0,0,8,8,2,3,5,400,40
43,0,0,8,8,2,3,5,400,40
44,0,0,8,8,2,3,5,400,40
45,0,0,8,8,2,3,5,400,40
46,212,3,8,8,2,3,5,400,40
47,279,1,8,8,2,3,5,400,40
48,266,11,8,8,2,3,5,400,40
49,292,0,8,8,2,3,5,400,40
50,263,42,8,8,2,3,5,400,40
51,19,37,8,8,2,3,5,400,40
52,0,0,8,8,2,3,5,400,40
53,0,0,8,8,2,3,5,400,40
54,0,0,8,8,2,3,5,400,40
55,0,0,8,8,2,3,5,400,40
56,0,0,8,8,2,3,5,400,40
57,0,0,8,8,2,3,5,400,40
58,0,0,8,8,2,3,5,400,40
59,0,0,8,8,2,3,5,400,40
60,0,0,8,8,2,3,5,400,40
61,0,0,8,8,2,3,5,400,40
62,0,0,8,8,2,3,5,400,40
63,0,0,8,8,2,3,5,400,40
64,0,0,8,8,2,3,5,400,40
65,0,0,8,8,2,3,5,400,40
66,0,0,8,8,2,3,5,400,40
67,0,0,8,8,2,3,5,400,40
68,0,0,8,8,2,3,5,400,40
69,0,0,8,8,2,3,5,400,40
70,0,0,8,8,2,3,5,400,40
71,0,0,8,8,2,3,5,400,40
72,0,0,8,8,2,3,5,400,40
73,97,6,8,8,2,3,5,400,40
74,409,0,8,8,2,3,5,400,40
75,246,0,8,8,2,3,5,400,40
76,281,0,8,8,2,3,5,400,40
77,218,57,8,8,2,3,5,400,40
78,35,73,8,8,2,3,5,400,40
79,0,0,8,8,2,3,5,400,40
80,0,0,8,8,2,3,5,400,40
81,0,0,8,8,2,3,5,400,40
82,0,0,8,8,2,3,5,400,40
83,0,0,8,8,2,3,5,400,40
84,0,0,8,8,2,3,5,400,40
85,0,0,8,8,2,3,5,400,40
86,0,0,8,8,2,3,5,400,40
87,0,0,8,8,2,3,5,400,40
88,0,0,8,8,2,3,5,400,40
89,0,0,8,8,2,3,5,400,40
90,0,0,8,8,2,3,5,400,40
91,0,0,8,8,2,3,5,400,40
92,0,0,8,8,2,3,5,400,40
93,0,0,8,8,2,3,5,400,40
94,366,20,8,8,2,3,5,400,40
95,280,7,8,8,2,3,5,400,40
96,206,0,8,8,2,3,5,400,40
97,261,29,8,8,2,3,5,400,40
98,158,141,8,8,2,3,5,400,40
99,0,0,8,8,2,3,5,400,40
100,0,0,8,8,2,3,5,400,40
101,0,0,8,8,2,3,5,400,40
102,0,0,8,8,2,3,5,400,40
103,0,0,8,8,2,3,5,400,40
104,0,0,8,8,2,3,5,400,40
105,0,0,8,8,2,3,5,400,40
106,0,0,8,8,2,3,5,400,40
107,0,0,8,8,2,3,5,400,40
108,0,0,8,8,2,3,5,400,40
109,0,0,8,8,2,3,5,400,40
110,0,0,8,8,2,3,5,400,40
111,0,0,8,8,2,3,5,400,40
112,0,0,8,8,2,3,5,400,40
113,0,0,8,8,2,3,5,400,40
114,119,8,8,8,2,3,5,400,40
115,318,10,8,8,2,3,5,400,40
116,219,17,8,8,2,3,5,400,40
117,340,0,8,8,2,3,5,400,40
118,263,17,8,8,2,3,5,400,40
119,107,79,8,8,2,3,5,400,40
120,0,0,8,8,2,3,5,400,40
121,0,0,8,8,2,3,5,400,40
122,0,0,8,8,2,3,5,400,40
123,0,0,8,8,2,3,5,400,40
124,0,0,8,8,2,3,5,400,40
125,0,0,8,8,2,3,5,400,40
126,0,0,8,8,2,3,5,400,40
127,0,0,8,8,2,3,5,400,40
128,0,0,8,8,2,3,5,400,40
129,0,0,8,8,2,3,5,400,40
130,0,0,8,8,2,3,5,400,40
131,0,0,8,8,2,3,5,400,40
132,0,0,8,8,2,3,5,400,40
133,0,0,8,8,2,3,5,400,40
134,0,0,8,8,2,3,5,400,40
135,0,0,8,8,2,3,5,400,40
136,170,3,8,8,2,3,5,400,40
137,352,0,8,8,2,3,5,400,40
138,223,0,8,8,2,3,5,400,40
139,58,0,8,8,2,3,5,400,40
140,0,0,8,8,2,3,5,400,40
